/****************************************************************************
** Resource object code
**
** Created by: The Resource Compiler for Qt version 5.15.13
**
** WARNING! All changes made in this file will be lost!
*****************************************************************************/

static const unsigned char qt_resource_data[] = {
  // /home/runner/work/keepassxc/keepassxc/share/wizard/background-pixmap.png
  0x0,0x0,0x91,0x90,
  0x89,
  0x50,0x4e,0x47,0xd,0xa,0x1a,0xa,0x0,0x0,0x0,0xd,0x49,0x48,0x44,0x52,0x0,
  0x0,0x1,0x90,0x0,0x0,0x1,0x90,0x8,0x6,0x0,0x0,0x0,0x80,0xbf,0x36,0xcc,
  0x0,0x0,0x0,0x9,0x70,0x48,0x59,0x73,0x0,0x0,0xe,0xc4,0x0,0x0,0xe,0xc4,
  0x1,0x95,0x2b,0xe,0x1b,0x0,0x0,0x0,0x19,0x74,0x45,0x58,0x74,0x53,0x6f,0x66,
  0x74,0x77,0x61,0x72,0x65,0x0,0x77,0x77,0x77,0x2e,0x69,0x6e,0x6b,0x73,0x63,0x61,
  0x70,0x65,0x2e,0x6f,0x72,0x67,0x9b,0xee,0x3c,0x1a,0x0,0x0,0x91,0x1d,0x49,0x44,
  0x41,0x54,0x78,0xda,0xec,0xc1,0x31,0x1,0x0,0x0,0x0,0xc2,0x20,0xf,0xfb,0x67,
  0x5e,0x11,0xe0,0x3,0x0,0x0,0x0,0x0,0x0,0x0,0x0,0x0,0x0,0x0,0x0,0x0,
  0x0,0x0,0x0,0x0,0x0,0x0,0x0,0x0,0x0,0x0,0x0,0x0,0x0,0x0,0x0,0x0,
  0x0,0x62,0xbf,0x1e,0x94,0x20,0x7,0xa2,0x30,0xa,0x87,0x6b,0xdb,0xb6,0xde,0xff,
  0x99,0xc6,0x76,0x27,0x7b,0x7a,0xe6,0xae,0xc7,0x9d,0xf5,0x7f,0xaa,0xbe,0x18,0xc5,
  0xdc,0xca,0x91,0x9d,0x5c,0x43,0x29,0xa5,0xfe,0xb9,0x62,0x28,0xb2,0xce,0xe3,0x2,
  0x4e,0x6f,0x71,0x6,0x39,0x52,0x5b,0x97,0xc8,0x10,0xc3,0x57,0x9a,0x75,0xdb,0xb,
  0x53,0x60,0x8a,0x12,0x13,0x8c,0xfc,0x7a,0x8d,0xb1,0xad,0x87,0xb6,0x56,0x4a,0xa9,
  0xdf,0x94,0x6,0xc8,0x29,0x5c,0xc5,0x65,0x5c,0xc0,0x39,0x5c,0x36,0xd7,0x90,0xaf,
  0xf9,0xf8,0x1b,0x5a,0xbf,0xbf,0xfb,0xfa,0xf5,0xdb,0x5,0x68,0xef,0xe7,0x39,0xc,
  0xd1,0x33,0xfd,0xaf,0x8c,0x30,0x86,0x52,0x4a,0x5,0xa6,0x1,0x92,0xe2,0x3a,0xee,
  0x9a,0x1b,0xb8,0x85,0x33,0xf0,0x95,0xe6,0xb0,0x6d,0x1c,0x72,0xfd,0x2f,0x7e,0xde,
  0x14,0x6d,0x34,0xd1,0x45,0xc7,0xf6,0x17,0x50,0x4a,0xa9,0x35,0x69,0x80,0x9c,0xc1,
  0x23,0xdc,0xc7,0x2d,0xdc,0xc1,0x65,0xc4,0xc1,0x7f,0xc,0xe1,0x7f,0xf,0xbb,0xcf,
  0x53,0x65,0xcf,0x5b,0xff,0xdc,0x1e,0x3a,0xb0,0xe1,0x2,0xd,0x15,0xa5,0xd4,0x7f,
  0x3a,0x40,0x2e,0xe0,0x89,0x79,0x84,0xbb,0x88,0xf7,0xf9,0x50,0x57,0x39,0x4c,0x42,
  0x9f,0x1d,0xf0,0xfe,0x22,0x64,0x20,0x99,0x1e,0xea,0x68,0x98,0x21,0x94,0x52,0xea,
  0x9f,0x1b,0x20,0x77,0xf0,0xa,0x4f,0xf1,0x18,0xe7,0x42,0x3f,0xf2,0x55,0xff,0x3d,
  0x24,0x49,0x12,0x21,0x61,0xbb,0xf4,0xab,0x34,0x4d,0xed,0x3a,0x4e,0x92,0x73,0x6e,
  0x79,0xfd,0x82,0xf6,0x18,0x6c,0xc5,0x2f,0x1b,0x48,0x30,0x23,0x34,0x4c,0xed,0x6f,
  0x1d,0x28,0x4a,0x29,0xd,0x90,0x93,0x78,0x8c,0xf7,0xf8,0x80,0x2b,0x1,0x43,0xe0,
  0xa0,0x61,0x72,0xea,0xd4,0xa9,0xf4,0xe4,0xc9,0x93,0x59,0x9e,0xe7,0x9,0x52,0xc4,
  0x59,0x96,0x79,0x9,0x43,0x61,0xc9,0x9f,0xf3,0xc5,0x71,0x5c,0xb2,0xbf,0xfa,0xf3,
  0x81,0xdf,0x67,0x56,0xf8,0xf5,0x6a,0xdf,0xd6,0xf4,0xcd,0x3b,0xa8,0xf0,0xe7,0x1c,
  0x95,0xe4,0xac,0xf9,0x7c,0xee,0x9c,0x35,0x9b,0xcd,0x16,0x8e,0x98,0x37,0x6e,0x3a,
  0x9d,0xba,0xf1,0x78,0x3c,0x27,0x17,0x32,0x40,0xe,0x3c,0x3f,0x40,0xd,0x75,0x5b,
  0x2f,0xa0,0x94,0x52,0x7f,0xe4,0x0,0xb9,0x8e,0xf,0x78,0x8f,0x67,0x48,0x2b,0x1a,
  0x1a,0x1f,0xd9,0x3b,0xab,0x26,0xc7,0x91,0xe5,0x8b,0x97,0xdd,0x30,0xcc,0xcc,0xcb,
  0xcc,0xcc,0xcc,0xcc,0xcc,0xcf,0x8b,0xdf,0xe3,0x8f,0xef,0xcb,0xcc,0xcc,0xcc,0xcc,
  0xcc,0x34,0xd0,0xcc,0x64,0x52,0xe5,0x3d,0x67,0xa2,0x34,0xa1,0xa8,0xb0,0xab,0xd5,
  0x6e,0x7b,0xc6,0x3b,0x9b,0xe7,0xc6,0x9,0x95,0xa4,0x72,0xc3,0xdd,0xdd,0xfa,0x75,
  0x66,0x56,0x4a,0xc9,0xb1,0x0,0x4,0x4d,0xd3,0xa7,0x4f,0x6f,0x1,0x28,0x9a,0xe1,
  0xa6,0xd6,0xd6,0x56,0xba,0xd9,0x41,0xa3,0x19,0x5c,0x10,0x3,0x25,0x41,0xe0,0x6c,
  0xdd,0x91,0xf2,0xe1,0x90,0x4,0x6,0x2f,0xda,0x10,0x40,0x78,0x3d,0x9e,0xe3,0x6c,
  0xca,0xc1,0x7,0xb2,0x3e,0x78,0x8,0x16,0x0,0xa5,0x8,0x95,0x72,0xb9,0x5c,0x9,
  0xe7,0x45,0xc0,0x85,0x63,0x5e,0xb3,0x55,0x45,0x34,0xe1,0xfb,0x74,0x4,0xf7,0x24,
  0x52,0x5e,0x3,0x46,0xa5,0x52,0xa9,0xb6,0x30,0x40,0x56,0xc0,0xfb,0xc1,0x87,0xc2,
  0xb,0xd,0x54,0xab,0x94,0x13,0xd3,0x48,0x0,0x44,0xcb,0xcc,0x99,0x33,0x5b,0xa6,
  0x4d,0x9b,0xd6,0x3a,0x63,0xc6,0x8c,0x29,0x3c,0x87,0x9a,0x7d,0x10,0x40,0xd6,0x87,
  0x80,0xf,0x10,0x37,0xcf,0x9d,0x87,0x1,0xe2,0x3e,0x6b,0x43,0x0,0x89,0xe7,0x84,
  0x0,0xc2,0x23,0x15,0x8c,0x70,0x20,0xb,0xc5,0x11,0xd,0x60,0x52,0x18,0x1d,0x1d,
  0x2d,0x26,0x1d,0x41,0xd5,0xa4,0xc4,0x2,0x90,0x19,0x85,0x37,0xc0,0xeb,0x5d,0xa4,
  0xa2,0x52,0xa9,0x14,0x20,0x9b,0xd,0x1a,0xfb,0xc3,0x87,0xc0,0x8b,0x27,0x5d,0xf4,
  0x76,0xb0,0x20,0x20,0x66,0xcf,0x9e,0x3d,0x15,0xd1,0xc5,0x14,0xb8,0x15,0x11,0x45,
  0x2b,0x6e,0x95,0x85,0x40,0x20,0x92,0xb0,0x29,0x1,0x62,0x70,0x6e,0xc7,0x1,0x8,
  0x6d,0x43,0x0,0x71,0xf3,0xed,0x64,0x1,0x2,0x89,0x1f,0xf5,0x60,0xde,0xa6,0xeb,
  0x8c,0x58,0x8,0x96,0x91,0x91,0x91,0xc2,0xc0,0xc0,0x40,0x1e,0xc7,0x52,0xd,0x6b,
  0x2a,0x43,0x70,0x3b,0xdc,0x56,0x8f,0xba,0x89,0x4a,0xa5,0x52,0x80,0xac,0x84,0xf,
  0x86,0xf,0xc,0x40,0x23,0x35,0x40,0x58,0x83,0x20,0x24,0x0,0x8c,0xe9,0x88,0x30,
  0xa6,0x2,0x1e,0x53,0x59,0xa3,0x28,0x17,0x21,0x70,0x21,0x75,0x63,0x1b,0x0,0x48,
  0x60,0xa1,0xe,0xc2,0xc7,0x86,0x0,0x12,0xcf,0x9,0x2,0x24,0x7d,0xfd,0xc4,0x86,
  0x0,0xe2,0xae,0x5b,0x1f,0x20,0x7e,0x4a,0xcc,0x15,0xf2,0xad,0x8b,0x54,0x8,0x94,
  0xc2,0xe0,0xe0,0x60,0x1,0x41,0x8a,0xad,0x41,0x4d,0x65,0xd0,0x81,0xa4,0x63,0x32,
  0x4d,0x8d,0x2a,0x95,0x4a,0x1,0x32,0xd5,0x45,0x19,0x47,0xc3,0xdb,0x86,0xa1,0x11,
  0x86,0x8,0xb,0xd5,0x73,0xe7,0xce,0x9d,0x36,0x67,0xce,0x9c,0x19,0x0,0xc6,0x34,
  0xa8,0xc5,0x40,0x3e,0x8,0x42,0x0,0xa9,0xbe,0x96,0x11,0x8e,0x5e,0x0,0x2e,0x8b,
  0xd4,0x98,0x50,0x0,0x19,0x8b,0xea,0x86,0xd7,0x1,0x37,0x89,0x35,0x3c,0x3c,0x2c,
  0x14,0x6a,0x14,0x82,0x5a,0x85,0xf0,0xb3,0x58,0xbc,0x99,0x72,0x4a,0xf,0x10,0x7,
  0xa3,0x2a,0x1,0xe2,0xa7,0xcd,0x4c,0x62,0x9e,0x70,0x4c,0x98,0xe0,0xe7,0xcc,0xf7,
  0xf6,0xf6,0xe6,0x0,0x95,0xe2,0x24,0x8b,0xf2,0x16,0xee,0x73,0x29,0xae,0x2e,0x77,
  0xae,0x52,0xa9,0xc6,0x95,0x2,0x64,0x7b,0x7,0x8d,0x83,0x1d,0x44,0xcc,0x4,0xa1,
  0x41,0x9,0x8b,0xdc,0xf3,0xe7,0xcf,0x9f,0x81,0x85,0x78,0xc6,0xac,0x59,0xb3,0xa6,
  0x67,0xa1,0x72,0x8b,0x79,0x32,0xa5,0x14,0x0,0x48,0xaa,0x5a,0x6,0x16,0x7f,0x59,
  0xbc,0x78,0xb1,0x2c,0x5b,0xb6,0x8c,0x47,0x43,0x8,0x0,0x5c,0x16,0x16,0xc0,0x4b,
  0xe6,0xcd,0x9b,0x47,0x30,0x70,0x6c,0x60,0x41,0xf1,0xbd,0x22,0x98,0xd2,0x1a,0xe9,
  0x25,0xe9,0xeb,0xeb,0x13,0x2c,0xda,0x6,0x47,0x8b,0x68,0x40,0xfa,0xfb,0xfb,0x85,
  0xc7,0x78,0xdc,0xde,0xde,0x6e,0x36,0x6c,0xd8,0x20,0xdd,0xdd,0xdd,0x2,0xd9,0x0,
  0x40,0x68,0x5b,0xd,0x40,0x92,0x73,0x19,0x8d,0x0,0x28,0x79,0xfc,0x3c,0x79,0x7c,
  0xcf,0x3c,0xa,0xf5,0xd1,0x24,0x8a,0xf2,0x5,0x17,0x95,0x6c,0x80,0x47,0x8d,0x4a,
  0xa5,0xf2,0xa4,0x0,0x99,0xe,0x1f,0xe,0x1f,0xb,0xaf,0xa,0x40,0x22,0x58,0xc7,
  0xc0,0x42,0x3d,0x3,0xd0,0x20,0x30,0x66,0x60,0x71,0x6e,0x71,0x8b,0x5a,0x18,0x2,
  0xe5,0xa3,0x10,0x5b,0x9,0x20,0x88,0x5e,0x64,0xdb,0x6d,0xb7,0x95,0x35,0x6b,0xd6,
  0x10,0x14,0x66,0xf9,0xf2,0xe5,0x16,0x47,0x59,0xba,0x74,0x29,0x4d,0x88,0x84,0xfe,
  0xaa,0xf6,0xef,0xf9,0xb6,0x81,0x7b,0x61,0x43,0xfe,0xf7,0xf1,0xef,0x21,0xf5,0x24,
  0x0,0x89,0x5d,0xbf,0x7e,0xbd,0xb4,0xb5,0xb5,0x49,0x47,0x47,0x87,0x60,0x6c,0xfe,
  0xfe,0xfb,0x6f,0xf9,0xf3,0xcf,0x3f,0x5,0xb,0xfd,0xa6,0xb4,0x59,0x0,0x20,0x49,
  0x58,0x4,0xaf,0xd1,0x2e,0x5a,0x2a,0x22,0x3a,0x29,0x30,0x3a,0x1,0xd0,0x8a,0x93,
  0xd8,0xd5,0xd5,0x4f,0x90,0x68,0x54,0xa2,0x52,0x51,0xa,0x90,0xa5,0xf0,0xa9,0xf0,
  0x91,0x70,0x6b,0x15,0xd0,0xc8,0x0,0x16,0x53,0x17,0x2c,0x58,0x30,0x1b,0x7f,0xdd,
  0xcf,0xe6,0x16,0xdb,0x32,0x11,0x82,0xad,0x2,0x20,0x42,0x10,0xac,0x58,0xb1,0xc2,
  0x6e,0xb7,0xdd,0x76,0x66,0xc7,0x1d,0x77,0x14,0x1c,0x5,0x47,0x5e,0xe3,0xbc,0xd4,
  0x8b,0xb6,0x7f,0x6e,0xad,0xcd,0xba,0x71,0xc6,0x59,0xa0,0x4a,0xbf,0x27,0x65,0xdd,
  0xd8,0xc6,0x8e,0xa3,0x4,0x1a,0xb2,0xf8,0x59,0x23,0x5e,0x87,0xd8,0x90,0x18,0x25,
  0x3e,0x93,0x1a,0x66,0x84,0xcb,0xba,0x75,0xeb,0xe4,0xd7,0x5f,0x7f,0xa5,0x2d,0x6c,
  0x7e,0xff,0xfd,0x77,0x2,0xa7,0x1a,0x80,0x18,0x8c,0x6d,0x99,0x39,0x86,0x7d,0x29,
  0x43,0x43,0x43,0xf9,0xce,0xce,0xce,0x51,0xc2,0xa4,0xca,0x5d,0x5d,0x45,0x82,0xc4,
  0xb9,0x60,0x54,0x2a,0xd5,0xbf,0xa,0x20,0x3b,0xc1,0xa7,0xb9,0xdd,0x54,0x59,0x3,
  0xf9,0xc0,0x8,0x1d,0x91,0xfe,0x99,0xb6,0x70,0xe1,0xc2,0x8d,0xd0,0x68,0x82,0xbc,
  0x54,0x94,0xf,0x7,0x3f,0xa,0xf1,0x8b,0xd7,0xb4,0xc1,0xd7,0x93,0x3d,0xf7,0xdc,
  0x53,0xf6,0xde,0x7b,0x6f,0xd9,0x63,0x8f,0x3d,0x64,0x87,0x1d,0x76,0x60,0x1a,0x2c,
  0xd5,0x5f,0xfd,0x50,0xc6,0xfd,0x1e,0xa4,0x55,0x13,0xce,0x39,0xce,0x62,0x9c,0xe1,
  0x35,0xde,0x87,0x3c,0xd8,0x4,0x6d,0xab,0xbd,0xf,0xf1,0x18,0x83,0x24,0xc2,0xf7,
  0xdd,0x78,0xc4,0x79,0x9,0x47,0x6f,0x3c,0x7e,0xca,0xc,0x3b,0xae,0xe4,0xe7,0x9f,
  0x7f,0x96,0xaf,0xbe,0xfa,0x4a,0xbe,0xfd,0xf6,0x5b,0xe1,0x11,0x0,0xa8,0x1a,0x20,
  0xf1,0x3c,0xb,0x11,0x26,0x4c,0x73,0x1,0x24,0x39,0x1c,0x8b,0x55,0x6c,0xb,0xa6,
  0x3b,0xe1,0xf5,0x5b,0x77,0x7a,0x4b,0xa5,0x52,0x80,0x64,0xe1,0x7d,0xe0,0xb3,0x1c,
  0x40,0x92,0x92,0xf1,0x20,0xc2,0x2d,0xb6,0xa8,0x2b,0xcc,0x5,0x3c,0xca,0x44,0x1a,
  0x13,0x3,0x8,0x8d,0xd4,0x13,0x61,0x41,0xdb,0xbd,0xf6,0xda,0xcb,0x30,0x2d,0xe5,
  0xee,0x87,0x40,0xd1,0x64,0xad,0x6d,0xc6,0xb8,0x89,0x63,0xda,0x81,0xc2,0xc4,0x73,
  0xb1,0x38,0xdb,0xc0,0xc2,0x5e,0x25,0x20,0xd2,0xcf,0x81,0x2a,0xde,0x77,0x4d,0x8e,
  0xf1,0xa2,0x4e,0x90,0x10,0x30,0x84,0x49,0x9,0xe3,0xf8,0x18,0x8d,0xf7,0xfd,0x19,
  0xa9,0x7c,0xfd,0xf5,0xd7,0xe6,0x9b,0x6f,0xbe,0xb1,0x5f,0x7c,0xf1,0x85,0x30,0x5,
  0x46,0x48,0x24,0x1,0xe2,0xbe,0x9f,0xad,0x4,0x10,0x7f,0xeb,0x30,0x6a,0x39,0x84,
  0x49,0xae,0xab,0xab,0x2b,0x7,0x68,0x45,0x55,0x6c,0xb,0x1e,0x84,0xd7,0xc1,0x7d,
  0x46,0xa5,0x52,0x6d,0x35,0x0,0x69,0x81,0x8f,0x73,0xa9,0xaa,0xc5,0xc6,0x53,0x8,
  0x22,0xdc,0x6e,0xbb,0x68,0xd1,0xa2,0xd9,0xa8,0x6b,0xcc,0xc5,0xe,0xa5,0x69,0xe3,
  0xed,0x9c,0xa,0x5d,0x43,0x84,0x61,0xe,0x3b,0xec,0x30,0x39,0xf8,0xe0,0x83,0xe5,
  0xa0,0x83,0xe,0x12,0xec,0xc6,0xaa,0xb8,0x40,0xba,0x8,0xa2,0x99,0xb0,0xc0,0x38,
  0x36,0xaf,0x51,0x36,0x0,0x6,0x1f,0x22,0xfe,0xbc,0x3a,0x43,0x24,0xc,0x2a,0x2,
  0x24,0xf4,0x79,0xca,0x5d,0x8b,0x1c,0x4c,0x8a,0xce,0xa5,0xe4,0x5c,0x3f,0xbd,0xd6,
  0xd3,0xd3,0x23,0x9f,0x7c,0xf2,0x89,0x7c,0xf0,0xc1,0x7,0xf2,0xd1,0x47,0x1f,0x9,
  0x40,0x90,0x1a,0x20,0xfe,0xf6,0x65,0x9e,0xb3,0x2b,0x1e,0xf5,0x99,0x1c,0xbe,0x6e,
  0x8e,0x5b,0x86,0x27,0xb8,0x2d,0x78,0xd8,0xa5,0xb6,0x7a,0xdc,0xb9,0x4a,0xa5,0xfa,
  0x7,0x2,0xa4,0x9,0x3e,0x6,0x3e,0xf,0x9e,0x57,0x61,0xae,0x94,0x3b,0x47,0x5d,
  0x63,0xda,0x92,0x25,0x4b,0xe6,0xa1,0x28,0x3e,0xbb,0x9,0xf2,0xc0,0x40,0x9,0x1d,
  0x8a,0x42,0xe8,0x9d,0x76,0xda,0x49,0x8e,0x3c,0xf2,0x48,0x7b,0xf8,0xe1,0x87,0xcb,
  0xce,0x3b,0xef,0x6c,0x2a,0x45,0x18,0x2e,0xb2,0x68,0x75,0xa0,0xe0,0xb1,0x29,0xc5,
  0xc2,0x1d,0x2,0x88,0x84,0x41,0x93,0x1e,0x22,0x75,0x6,0x8,0x6d,0x53,0xfe,0x8c,
  0x11,0x61,0x12,0x9b,0xe7,0x95,0x7e,0x86,0xef,0xbf,0xff,0xde,0x7c,0xfa,0xe9,0xa7,
  0x42,0xa8,0x20,0x42,0xb1,0xdc,0x7e,0xec,0x3,0x24,0x1,0x16,0xeb,0x3,0x84,0xe7,
  0x34,0x53,0x5c,0x48,0x6f,0xe5,0x51,0xf0,0xcf,0x4d,0xb0,0x79,0x91,0xca,0xc5,0xdb,
  0x80,0xff,0x39,0x20,0x51,0xa9,0x14,0x20,0x4d,0xf0,0x51,0xf0,0xb9,0xf0,0xc2,0x94,
  0x51,0x8a,0x80,0x13,0x59,0x42,0x3,0x11,0xc7,0xbc,0x69,0x90,0xb7,0x98,0xa5,0x2,
  0x8,0xfb,0x28,0x8e,0x38,0xe2,0x8,0x73,0xcc,0x31,0xc7,0x8,0x23,0xd,0x34,0xb,
  0x56,0x2,0x46,0x4b,0x14,0x45,0x53,0x78,0xa4,0xf9,0xf3,0x55,0xf3,0xd7,0x7f,0x18,
  0x20,0xe9,0x17,0xe7,0xc9,0x43,0x24,0x1c,0xe9,0xd4,0x8,0x20,0xbe,0xad,0x83,0x49,
  0x1,0x63,0x1e,0xcb,0x2e,0xf0,0xd8,0x5e,0x6c,0x19,0x95,0xbc,0xfa,0xea,0xab,0x8c,
  0x50,0xc,0x60,0x92,0x6,0x20,0x7e,0x94,0x62,0xb8,0x93,0x8b,0x51,0x9,0x8a,0xef,
  0xf9,0x9,0x3e,0x29,0x79,0xb4,0xf1,0x53,0x5b,0x2a,0x95,0x2,0x24,0xeb,0x3a,0xc5,
  0x2f,0x82,0x97,0x25,0xef,0x87,0x20,0xc2,0x87,0x11,0x62,0x1b,0xec,0x82,0x85,0x10,
  0xbb,0xc1,0x43,0x75,0xc,0x3,0xf9,0x3d,0x18,0xf8,0xbc,0x1c,0x78,0xe0,0x81,0x72,
  0xfc,0xf1,0xc7,0xb,0xc1,0x1,0xf6,0x18,0x48,0x3c,0x67,0x1,0x8c,0x56,0x6b,0xed,
  0x14,0x7e,0x4b,0x97,0x8e,0x92,0x5a,0xa4,0x90,0xc2,0x0,0x9,0x83,0xc6,0xd9,0xfe,
  0xc3,0x0,0xe2,0xdb,0xfa,0x40,0xe1,0x91,0xe7,0xfe,0xe7,0x1,0x1,0xf3,0xfe,0xfb,
  0xef,0xcb,0xb,0x2f,0xbc,0x20,0x84,0xa,0x60,0x92,0x1a,0x20,0xee,0x3a,0x3f,0x63,
  0x91,0xda,0x1a,0x43,0x1d,0x26,0xcf,0x8,0x65,0x82,0x8f,0x9b,0xdf,0xd0,0x78,0x20,
  0x51,0xa9,0x14,0x20,0x7,0xc3,0xe7,0xc3,0xcb,0x79,0xee,0x6c,0x2,0x47,0xc3,0x47,
  0x89,0xa0,0x6f,0x62,0x1,0x34,0x9f,0xdb,0x71,0x93,0x29,0x2c,0x1f,0x16,0x7e,0xc4,
  0x81,0xe7,0x54,0xb1,0x9e,0x21,0x27,0x9c,0x70,0x82,0x30,0x3d,0xc5,0xdd,0x52,0x7e,
  0x1f,0x5,0xd4,0xea,0xa2,0xc,0xba,0xa5,0x4e,0x7f,0xfd,0xb,0x64,0xab,0x0,0x48,
  0x9d,0x20,0x12,0x86,0x80,0xf,0x90,0x7a,0x42,0x2e,0x91,0xea,0xda,0x78,0xf4,0x17,
  0x76,0xee,0xe4,0x7a,0xeb,0xad,0xb7,0xe4,0xb5,0xd7,0x5e,0x63,0xaa,0x8b,0xef,0x3b,
  0x49,0x5,0x10,0x1a,0x73,0xc5,0x42,0x4c,0x6f,0x1,0x24,0x63,0xa8,0x99,0x44,0x86,
  0x4a,0x5f,0x23,0x59,0xf,0xf,0x19,0x95,0x4a,0xd5,0x10,0x0,0xb9,0x37,0x31,0x86,
  0x9d,0xca,0xc0,0x4,0x75,0x8d,0xe9,0xd8,0x1,0xb5,0x18,0x75,0x8e,0xd9,0x81,0x3e,
  0x8f,0xb2,0x51,0x8,0x7b,0x31,0x4e,0x3d,0xf5,0x54,0x39,0xfb,0xec,0xb3,0xb9,0x2b,
  0xab,0xdc,0x62,0x4e,0x58,0x4c,0xc5,0x2,0x33,0x35,0x10,0x65,0xd4,0x9,0x22,0xe1,
  0x62,0xf5,0xbf,0x9,0x20,0xfe,0xcf,0xe2,0xd2,0x5b,0x45,0x6c,0x8a,0x28,0xe0,0x58,
  0x2a,0xb3,0x55,0xd8,0xbe,0xfc,0xf2,0xcb,0xe6,0xb1,0xc7,0x1e,0x93,0x5f,0x7e,0xf9,
  0xc5,0x81,0xc2,0xdb,0x2,0xec,0x1,0xc4,0x8d,0x63,0x18,0x15,0xfe,0xfa,0xeb,0xaf,
  0x31,0x34,0x2b,0x96,0xd2,0x6e,0x5,0x76,0x0,0x59,0xb,0xe7,0x8c,0x4a,0xa5,0x6a,
  0x2c,0x80,0xf8,0x63,0xec,0xa4,0x9a,0x85,0x26,0xbc,0xa5,0xd3,0xa1,0xc0,0xee,0x2b,
  0xf1,0x1,0xc2,0xba,0xc6,0x49,0x27,0x9d,0x24,0xe7,0x9c,0x73,0xe,0xb,0xe1,0x52,
  0x66,0x7e,0x33,0x52,0x19,0xd3,0x31,0x75,0x1a,0xdc,0x54,0xf,0x40,0xc0,0x76,0x92,
  0x0,0x11,0xa8,0x56,0x90,0xa8,0x1a,0x2,0x1,0x80,0xd0,0xb6,0x4e,0x0,0xf1,0xd3,
  0x68,0x11,0xea,0x5d,0x71,0xed,0xa4,0xe4,0x47,0x8e,0x3f,0xfe,0xf8,0xa3,0x3c,0xf5,
  0xd4,0x53,0xf2,0xe2,0x8b,0x2f,0x72,0x37,0x56,0x2a,0x80,0x70,0x4e,0xc,0x12,0x44,
  0x24,0x39,0x1c,0x4b,0x81,0xce,0x76,0xff,0x7a,0x17,0xdc,0xe,0x47,0x46,0xa5,0x52,
  0x6d,0x19,0x80,0x94,0x4d,0x57,0xc1,0x7c,0xbc,0xc8,0xca,0x95,0x2b,0x97,0x1,0x4,
  0x33,0x3,0xbb,0xb0,0xc4,0x1f,0xef,0xb2,0xcb,0x2e,0x6,0x91,0x86,0x9c,0x7c,0xf2,
  0xc9,0xe2,0x17,0xc3,0x21,0x6e,0xb1,0xdd,0x4,0xd,0xb8,0x86,0x85,0xe8,0xea,0x9b,
  0xf7,0xb6,0x5a,0x80,0x54,0xbf,0x23,0x2c,0xf8,0x59,0xc2,0x4,0x2e,0x0,0x28,0x79,
  0x7f,0xe,0xa2,0x9,0x61,0xe1,0xfd,0xf1,0xc7,0x1f,0x67,0x23,0x63,0x2a,0x80,0xc4,
  0xd7,0xf8,0x30,0x47,0xa6,0xb6,0x1c,0x48,0x42,0x0,0x11,0x67,0xce,0x6b,0xdf,0x82,
  0x5b,0x7f,0x55,0x2a,0x5,0x48,0x12,0x1e,0x48,0x31,0x11,0x1c,0x4b,0x5c,0xaa,0xca,
  0xdd,0xb,0xf7,0x7f,0x70,0x81,0x63,0x6d,0xe3,0xba,0xeb,0xae,0x93,0xdd,0x76,0xdb,
  0xcd,0xdd,0x73,0x86,0x5c,0x7a,0x6a,0x26,0x8b,0xe1,0x89,0xf4,0x48,0x68,0xe1,0xdb,
  0x2,0xcd,0x7b,0x1e,0x40,0xea,0x9,0x91,0xc6,0x7,0x48,0xf0,0x7e,0x12,0xb8,0x2e,
  0x22,0x21,0x4c,0x8a,0xfe,0x7d,0x36,0x2b,0x3e,0xfc,0xf0,0xc3,0xf2,0xe6,0x9b,0x6f,
  0xa6,0x2,0x88,0x9b,0xc3,0xd4,0x58,0x11,0x4d,0x8e,0xe,0x24,0xa9,0x7a,0x49,0xc6,
  0xe0,0xd,0x5b,0xe8,0xbd,0x24,0x2a,0x95,0x2,0x4,0xe0,0x98,0xe,0x70,0x2c,0xf5,
  0xc0,0x91,0x9,0xf5,0x81,0x30,0xc2,0x38,0xe3,0x8c,0x33,0xe4,0xb2,0xcb,0x2e,0xe3,
  0x3,0x9,0xfd,0xee,0x6f,0x46,0x1b,0x33,0x68,0x8c,0x33,0x65,0xf2,0xeb,0xf1,0xb9,
  0xad,0x2b,0x44,0x1a,0x1f,0x20,0x61,0x8,0x38,0xd8,0x36,0x28,0x40,0xfc,0xdd,0x5c,
  0x4,0x9,0x81,0x12,0xf9,0x1d,0xf0,0x8f,0x3c,0xf2,0x88,0x3c,0xf1,0xc4,0x13,0x7c,
  0xf0,0xe3,0xb8,0x0,0x71,0xa9,0x50,0x36,0x3a,0xe6,0xf1,0xd0,0xc8,0x1c,0xde,0x61,
  0x12,0xa5,0x2c,0xb4,0xf,0x38,0x90,0x94,0x8c,0x4a,0xa5,0xaa,0x3f,0x40,0xb0,0x13,
  0xaa,0x75,0xd5,0xaa,0x55,0x4b,0x50,0xeb,0x58,0x90,0x4,0x47,0x8,0x22,0xd8,0x81,
  0x25,0xe7,0x9e,0x7b,0xae,0x5c,0x7c,0xf1,0xc5,0x6,0xc0,0x91,0xe4,0x7f,0xc8,0x4c,
  0x51,0xc1,0x33,0xe1,0xd6,0xe4,0xe2,0x13,0x0,0x48,0xbd,0x0,0xe1,0xdb,0x6e,0xa5,
  0x0,0x11,0xc8,0x6e,0x69,0x80,0x78,0x2e,0xe1,0x5e,0xde,0x8f,0x4a,0xf8,0x88,0xfa,
  0x47,0x1f,0x7d,0x54,0x50,0x74,0xe7,0x78,0x5c,0x80,0xc0,0x96,0xe7,0x7c,0xf9,0xd5,
  0x1f,0x7f,0xfc,0x31,0xe6,0xde,0xfd,0x4e,0x49,0x8a,0xb4,0x56,0xbf,0x51,0xa9,0x54,
  0x75,0x53,0x6,0x8f,0x36,0x7f,0x5,0xcf,0xa9,0x5a,0x92,0x85,0xd2,0xc0,0x3,0xf3,
  0xcd,0xb5,0xd7,0x5e,0x6b,0x4e,0x3c,0xf1,0x44,0x93,0x78,0xfc,0x39,0x9d,0x89,0xa2,
  0x88,0xd1,0xc6,0xac,0xa,0xdd,0xe0,0x76,0x1c,0x80,0xd4,0x19,0x22,0xe1,0x85,0x32,
  0x9c,0x2a,0x4a,0xf,0xb9,0x6,0x5,0x8,0x6d,0x37,0x13,0x40,0x7c,0x47,0xe,0x24,
  0x5,0xff,0x5d,0x28,0xcf,0x3e,0xfb,0xac,0xdc,0x76,0xdb,0x6d,0x6,0x51,0x86,0x1d,
  0xf,0x20,0x1c,0x5b,0x88,0x9d,0xed,0x88,0x48,0xa,0x29,0x9b,0x11,0x87,0xea,0x17,
  0x8d,0xa8,0x54,0xaa,0xcc,0x21,0x87,0x1c,0xf2,0x8d,0x88,0x24,0x20,0x51,0xde,0x48,
  0x4f,0x99,0x6b,0xae,0xb9,0xc6,0x9c,0x79,0xe6,0x99,0x4,0x87,0xf1,0x1e,0x52,0x38,
  0x93,0xf5,0xd,0x37,0x57,0x2,0xb6,0xff,0x62,0x80,0xd0,0xb6,0x41,0x1,0x42,0xdb,
  0x3a,0x1,0x84,0xb6,0xb4,0x88,0x14,0xd1,0x3c,0x9a,0xe7,0x38,0x1,0x12,0xf3,0xdc,
  0x73,0xcf,0xd9,0x3b,0xee,0xb8,0x83,0x2f,0xcd,0xa,0x2,0xc4,0x99,0x4d,0x8d,0x11,
  0xd3,0x5a,0x0,0x4f,0x31,0x4,0x10,0xe7,0x8,0xee,0x86,0x7b,0x8c,0x4a,0xa5,0xda,
  0xbc,0x0,0xc1,0x23,0x4a,0x32,0x88,0x38,0x32,0xe,0x1c,0x99,0x4,0x38,0xa6,0x44,
  0x51,0x34,0xdb,0x5a,0x3b,0xcd,0x40,0x55,0x74,0x80,0x7b,0x0,0xa9,0x3,0x24,0x1a,
  0x9,0x20,0xa,0x10,0xa1,0x9,0x3,0xf4,0x94,0x24,0xeb,0x24,0x94,0x5,0x14,0x84,
  0xa9,0xad,0xfb,0xef,0xbf,0x9f,0xf,0x74,0x14,0xef,0xcd,0x89,0x36,0x9,0x10,0x77,
  0x8f,0xf3,0x36,0x16,0xda,0x9,0x94,0x94,0xdd,0xec,0xed,0xf5,0x7f,0x7,0x89,0x4a,
  0xa5,0x0,0xe1,0x16,0xde,0xc,0xa,0xe3,0xd9,0x4b,0x2e,0xb9,0x24,0x83,0xbf,0x1a,
  0xe3,0x7b,0xc6,0x81,0x63,0xe,0xeb,0x1c,0x81,0xc5,0xa2,0x51,0x1,0x42,0xdb,0x6,
  0x5,0x88,0x40,0x76,0x6b,0x7,0x8,0x15,0x8f,0x59,0x1f,0x71,0xdb,0x80,0xa3,0x64,
  0x6a,0x8b,0xbb,0xb6,0xee,0xbe,0xfb,0x6e,0x83,0x1d,0x58,0x41,0x80,0xf0,0x45,0x5a,
  0x16,0xe2,0x33,0xb6,0xd6,0xae,0x5d,0x9b,0xf7,0x1,0x12,0xe8,0x1d,0xe9,0x33,0x2a,
  0x95,0xaa,0xf6,0x0,0xc1,0xf3,0xa8,0x32,0x57,0x5d,0x75,0xd5,0x46,0x78,0xe0,0xb1,
  0x23,0x31,0x50,0x8c,0x7b,0xbc,0xc8,0x3c,0xa6,0xab,0x6a,0xd1,0xbc,0xd7,0x60,0x0,
  0x9,0x2f,0xd4,0xa,0x10,0xda,0xd6,0x18,0x20,0x49,0x90,0xf8,0xfd,0x24,0x7c,0x27,
  0xbc,0x41,0x7d,0x84,0xc5,0x76,0xee,0xda,0xaa,0x8,0x10,0x7c,0x7f,0xde,0xe3,0x9c,
  0x8,0x6f,0x61,0xe4,0x6b,0x77,0x4b,0x29,0x8a,0xec,0xc3,0x70,0x47,0x8d,0x1a,0x10,
  0x55,0x2a,0x5,0x8,0x6b,0xe8,0xc7,0x1e,0x7b,0x6c,0xe6,0x86,0x1b,0x6e,0x60,0xbd,
  0x63,0x53,0x41,0x1d,0xf7,0x9a,0x1d,0x38,0x12,0x5b,0x7b,0xab,0x5e,0x28,0x15,0x20,
  0xa,0x90,0xd0,0xfd,0x64,0x8d,0x84,0x12,0xbe,0xf0,0xea,0xff,0xff,0xff,0xff,0xed,
  0xbb,0xef,0xbe,0x1b,0x4,0x88,0xab,0x9d,0xb0,0x8e,0xc2,0x46,0xc4,0x1c,0x80,0x12,
  0x2,0x8,0x55,0x22,0x44,0x26,0xd9,0x37,0xa2,0x52,0x29,0x40,0xd0,0x39,0x9e,0xb9,
  0xe5,0x96,0x5b,0xc,0xde,0xee,0x97,0x49,0x80,0xa3,0xc5,0x81,0x63,0x56,0xfc,0xca,
  0x57,0x67,0x53,0xf3,0x8,0x44,0x1,0xa2,0x0,0xf1,0x23,0x12,0x38,0x79,0xff,0xe3,
  0x8f,0x3f,0x26,0x48,0x4,0x51,0x46,0x10,0x20,0x6e,0x1b,0x79,0x4,0xf0,0xf0,0xdd,
  0xed,0x69,0x8a,0xec,0x3,0x70,0xb7,0x1b,0xab,0x54,0xaa,0x9,0x28,0xf3,0xfc,0xf3,
  0xcf,0x7f,0x73,0xca,0x29,0xa7,0x64,0x20,0xe3,0x0,0x91,0x65,0x71,0x1c,0x9e,0x8f,
  0x71,0x53,0x85,0xed,0xbc,0x42,0x6b,0xd,0x44,0x6b,0x20,0xf5,0x0,0x88,0xb3,0x75,
  0x20,0x29,0xc6,0xf7,0x9,0xc,0x16,0xda,0xb9,0xf5,0x17,0x9d,0xea,0x15,0x1,0x12,
  0x9f,0x33,0x1a,0x1,0x48,0x18,0x8d,0xd8,0x0,0x40,0xe8,0x3c,0xdc,0x39,0xb1,0x2,
  0xbb,0x4a,0xa5,0xca,0xe2,0x9,0xb9,0x86,0xf0,0x88,0x1b,0x0,0xd1,0xa8,0xb5,0xc2,
  0xc1,0x23,0x13,0xcc,0x23,0x97,0x97,0x18,0x55,0xb5,0x12,0xa3,0x4a,0x8a,0x7d,0x45,
  0xad,0xf0,0x54,0x17,0x1,0x1b,0xbc,0x73,0xc6,0x60,0x53,0x87,0x41,0x47,0xbb,0xc1,
  0xeb,0x0,0xcc,0x78,0xc2,0xb,0xce,0x9a,0xf7,0xd8,0x63,0x8f,0x69,0x68,0x90,0x6d,
  0x32,0x61,0xb5,0xc2,0xcb,0xe1,0x19,0x46,0xa5,0x52,0xa5,0x16,0x53,0x55,0xdf,0xb8,
  0x2,0xf9,0x2,0xb7,0x25,0x37,0x13,0x70,0x52,0x12,0x76,0xf5,0x7d,0x20,0xda,0x7,
  0xa2,0x11,0x88,0xff,0x7b,0x1,0x1e,0xa5,0x44,0xa1,0x9d,0x12,0xbe,0xe0,0xea,0xbf,
  0xfe,0xeb,0xbf,0xd8,0x5c,0x58,0x36,0x2,0x71,0xd7,0x2c,0x8f,0x4c,0x67,0xa1,0x93,
  0x3d,0x1f,0xd8,0xa5,0x45,0x53,0x83,0x70,0xef,0xf8,0x40,0x57,0xa9,0x54,0x19,0x44,
  0x1c,0xeb,0xbd,0x2,0x79,0x9a,0x47,0x99,0x48,0x3a,0x88,0x68,0x27,0xba,0x76,0xa2,
  0x4f,0x1e,0x20,0x7e,0x7d,0x4,0x30,0x29,0xba,0x73,0x3e,0x36,0xde,0xde,0x7a,0xeb,
  0xad,0xec,0x1f,0x9,0x2,0x84,0xe6,0xdc,0xdf,0x7e,0xfb,0x8d,0x8f,0x8c,0xb7,0x1,
  0x80,0xf0,0x98,0x83,0xbb,0xc2,0xbb,0xb4,0x54,0x2a,0x55,0x36,0xc5,0xb6,0xdc,0x70,
  0x11,0x32,0xa0,0x2a,0xe6,0x85,0x24,0xd,0x9e,0x62,0x92,0x8,0xff,0x1b,0x1a,0x1b,
  0x12,0x7a,0x60,0x6c,0x40,0x6,0xc7,0x6,0x85,0xb6,0xd6,0x6a,0x7a,0xac,0x46,0x3f,
  0x1b,0x80,0xd0,0x82,0x5e,0x91,0x4d,0x69,0x2d,0x3c,0xc7,0xcd,0x5c,0x7f,0xfd,0xf5,
  0xe6,0x9e,0x7b,0xee,0x31,0x7c,0x8d,0x40,0x48,0x98,0x9b,0xc5,0x9c,0xa9,0xab,0x57,
  0xaf,0x6e,0x36,0x61,0x4d,0x81,0x97,0xb9,0xa3,0x4a,0xa5,0xaa,0xa0,0xe6,0x1a,0xfc,
  0x47,0x2e,0x21,0x6f,0xc6,0x5,0x4e,0x6a,0x75,0xbf,0x14,0x95,0x4c,0xdf,0x48,0x9f,
  0x5d,0xd7,0xbb,0x2e,0x6a,0x1b,0x68,0x8b,0xba,0x6,0x7b,0x6c,0xcf,0x50,0xf,0x60,
  0xd0,0x2f,0x3,0x23,0x0,0x43,0x6e,0xd0,0xf4,0x8f,0xe,0x98,0xa1,0xdc,0xb0,0x14,
  0xa2,0xdc,0x7f,0xd8,0x3b,0xb,0xe8,0xc6,0x91,0x24,0xc,0x57,0xb5,0x24,0x87,0xc7,
  0x99,0x70,0x36,0x7b,0x33,0xe1,0x2c,0x33,0x33,0x33,0x33,0x33,0x33,0x33,0x67,0x98,
  0x99,0xb2,0x73,0xcc,0xcc,0xcc,0xcc,0x4c,0x94,0xe3,0xcb,0x2c,0x63,0x38,0x96,0xea,
  0xba,0x9f,0xd5,0xef,0xec,0xc8,0xed,0x56,0x56,0x71,0x56,0xc9,0xf6,0xb7,0x53,0xab,
  0x89,0x5c,0xee,0xc0,0x7b,0xd1,0x3f,0x55,0xd5,0xd5,0x5,0x83,0xc3,0x83,0xe8,0x7a,
  0x44,0x88,0x4,0x20,0xfe,0x20,0xa4,0xff,0x27,0xfe,0x80,0x3c,0xcd,0x1e,0xc8,0x71,
  0x12,0x5e,0x89,0x53,0xe4,0x25,0xec,0x62,0xaa,0x2c,0x4b,0x7a,0x15,0x45,0xe5,0xfc,
  0x5a,0xe9,0xcd,0x2e,0xad,0xf2,0x92,0x65,0xb3,0xf8,0x75,0x36,0x34,0x56,0x36,0x12,
  0x37,0x68,0x48,0x36,0x60,0xb2,0x34,0x89,0xa6,0x7e,0x92,0x13,0xe4,0x22,0x52,0x24,
  0xa,0xec,0xb6,0x6d,0x8f,0x2,0x0,0xb5,0xb5,0xb5,0x89,0xbe,0x11,0x61,0x42,0x4c,
  0x84,0xd0,0x40,0x2e,0xb8,0xbf,0x38,0x5d,0x21,0xc1,0x67,0xdc,0x30,0xd1,0x37,0xc2,
  0xd7,0x1,0x5,0x16,0xb7,0x3a,0xbf,0xe9,0xb0,0x1f,0xc,0x6,0x43,0xce,0x5f,0xc4,
  0x57,0x35,0x69,0x2b,0x4d,0xa,0x4b,0x5e,0xc3,0x5b,0x5c,0xe6,0x81,0xbc,0xf0,0xda,
  0xb,0xa9,0xde,0x67,0x7b,0xdd,0xde,0xe7,0x7b,0xdd,0xbf,0x3f,0xff,0x77,0x8f,0x1b,
  0x3e,0xf7,0xea,0x73,0xf0,0xfc,0xeb,0xcf,0xa3,0x10,0x11,0x20,0x20,0x44,0x24,0x71,
  0x25,0x20,0xcf,0x57,0x3,0x42,0x40,0x4a,0xdf,0x2,0x2,0xe4,0x26,0xfc,0x0,0x3d,
  0xc2,0xff,0xdf,0x43,0x42,0x71,0x4d,0xfb,0x1,0x88,0xbb,0x9e,0x5c,0x2b,0xe0,0x7,
  0x90,0x7e,0x2f,0xc8,0xf5,0xd3,0x7e,0x9,0x2e,0x38,0xf5,0xc9,0x7a,0x57,0x58,0x4b,
  0x7d,0xb,0xb5,0xd4,0xb6,0x50,0x5b,0x5d,0x1b,0xb6,0xd6,0xb7,0x62,0x65,0x49,0x25,
  0xc4,0xe9,0x38,0xf7,0x8,0xdb,0x83,0x23,0xa5,0xe6,0xb8,0x88,0xb8,0x0,0x20,0xd2,
  0x5a,0x29,0xff,0x1e,0xfc,0xfa,0xd7,0xbf,0xa6,0xa7,0x9e,0x7a,0x8a,0xfa,0xfa,0xfa,
  0xfc,0x14,0x56,0xa0,0x7f,0x44,0x1e,0xce,0xe8,0xf2,0x81,0x57,0x23,0xbc,0x69,0xd1,
  0x55,0x44,0xd6,0x9e,0x7f,0xed,0xf,0xd7,0xbd,0x6e,0x30,0x18,0x1,0x1,0xb5,0x90,
  0xe8,0x27,0x12,0x86,0x31,0x8e,0x17,0xa8,0x7f,0x44,0x14,0x87,0xb0,0xaf,0xff,0xe3,
  0xf9,0x7f,0xa4,0x9e,0xf8,0xc4,0x13,0x42,0x30,0x70,0x68,0x78,0x8,0xfc,0x7,0xbc,
  0x97,0x21,0x14,0x90,0x25,0xc,0x88,0x69,0xf1,0x20,0x20,0x95,0x80,0x20,0xa0,0x78,
  0x9d,0xf2,0x8,0x88,0x78,0x9d,0x26,0x26,0x20,0xd2,0xcf,0x5f,0x1f,0xe1,0xff,0xf7,
  0x10,0xa8,0xba,0xb4,0xda,0x6b,0xae,0x6d,0x76,0x97,0x5c,0xbc,0x84,0x25,0x4b,0x92,
  0x34,0xc5,0x13,0x9,0x83,0xb5,0x99,0xa9,0x17,0x10,0x69,0x9e,0x2f,0x24,0x29,0x19,
  0x8d,0x8,0xe3,0xf3,0x43,0x68,0xc3,0x86,0xd,0x9e,0x38,0x16,0x45,0x25,0x20,0xfc,
  0x3d,0x1e,0xaf,0x1,0x12,0x2f,0xc2,0x8f,0xf2,0xc3,0x19,0xc7,0xf2,0x8,0x88,0xac,
  0x8b,0xbc,0xe4,0xdf,0x33,0x18,0xc,0xbe,0x80,0xbc,0x12,0x3a,0x2,0x9,0x12,0x5e,
  0x38,0xd4,0x5,0xf4,0x8,0xc2,0x31,0xf1,0x87,0xe3,0x67,0x7e,0xf9,0x99,0x91,0xee,
  0x8f,0x75,0x5b,0xf2,0xe3,0xe9,0x2a,0x20,0x72,0xbd,0xcd,0x57,0x6f,0x76,0xf7,0x6a,
  0xde,0xb,0xa3,0xce,0x44,0x8f,0xbf,0x80,0xe8,0x8b,0xf3,0x5c,0x40,0x3c,0x5f,0x44,
  0x5c,0xf9,0xba,0x98,0x84,0xb8,0x70,0xe1,0x42,0x71,0x34,0x4a,0x2e,0x1,0x91,0xc7,
  0xa0,0x88,0x73,0xb7,0xc6,0xfe,0xf4,0xa7,0x3f,0x8d,0x6a,0xe6,0xb1,0xb,0x91,0x79,
  0x31,0xbd,0xbe,0xc1,0x60,0x60,0x10,0x40,0x1d,0x55,0x68,0x5e,0x9f,0x34,0xa2,0x17,
  0xe7,0xd5,0xeb,0xf4,0x3e,0xd3,0x4b,0x13,0xfa,0x5c,0x14,0xe9,0x75,0xfd,0xfa,0x18,
  0xed,0xf5,0xbf,0x3e,0xfb,0x57,0xcf,0xf4,0xc6,0xa4,0xe1,0xc2,0x80,0x7c,0xa7,0x55,
  0x82,0x5f,0x1d,0xf0,0x39,0xe2,0x88,0x23,0xe0,0x7d,0xef,0x7b,0x1f,0xf0,0x13,0x17,
  0x20,0x1f,0x7c,0x1a,0xa7,0xbd,0xeb,0xae,0xbb,0x16,0xf1,0x42,0x3b,0x82,0x1a,0xb1,
  0x6e,0x4d,0xfa,0x6a,0x30,0x18,0x98,0x22,0x82,0x90,0x90,0x3e,0x5d,0x15,0x5d,0x48,
  0x2,0xeb,0x69,0x88,0xe2,0xb3,0xed,0xe5,0x6d,0x88,0x80,0xe0,0x43,0xc,0xd2,0xff,
  0xc9,0x7b,0x98,0xf1,0x9f,0xb8,0xcf,0xc9,0xfa,0x38,0xd7,0x3d,0x4e,0xe0,0x9e,0xbf,
  0x5e,0xe0,0x7d,0x6f,0xe4,0x1e,0x47,0xe9,0xc7,0xbf,0x1f,0x82,0x18,0x10,0x93,0x9d,
  0x75,0x52,0x48,0x2c,0x2e,0x24,0x45,0x3c,0x3d,0xc5,0x80,0x53,0x53,0x53,0x3,0x2b,
  0x57,0xae,0x84,0xeb,0xae,0xbb,0xe,0x54,0xf8,0xe3,0x99,0xd9,0xce,0x3b,0xef,0x5c,
  0x94,0x4c,0x26,0x59,0x9e,0xaf,0xcd,0xe2,0x56,0xd,0x60,0x76,0x68,0x19,0xc,0xaa,
  0x5f,0x14,0x52,0x8a,0x87,0xfa,0x35,0x9,0x5,0x2d,0x48,0x20,0x9d,0x11,0x92,0xa8,
  0x2,0xc3,0x77,0x50,0xa1,0x9f,0x94,0x23,0x60,0xe2,0x9a,0x21,0xa3,0x98,0x2d,0xab,
  0xc4,0x88,0x80,0xa9,0xab,0x41,0x88,0x48,0xd2,0x57,0xfa,0x8d,0x5b,0x93,0x32,0xd6,
  0xc,0x5c,0x9,0x89,0x32,0xde,0x13,0xf8,0x1a,0xc4,0xfa,0xd9,0xef,0x9,0x7c,0xad,
  0xf4,0xfa,0xc8,0xeb,0x5,0xde,0x99,0xa6,0xc6,0x4f,0x43,0xc6,0xe,0xb9,0xdb,0x4a,
  0x74,0xb2,0x73,0x11,0xb1,0xc1,0x47,0x4c,0xd2,0x5c,0xbe,0x7c,0x39,0xf0,0x51,0x5,
  0xf2,0x67,0x1b,0xc0,0x71,0x1c,0x6c,0x6f,0x6f,0x2f,0xe2,0x3b,0xb5,0x2c,0xcd,0x28,
  0xe8,0xd9,0xdc,0x4a,0xc0,0x60,0x30,0x11,0x88,0x24,0x5f,0x4,0x12,0x34,0x85,0x4f,
  0x0,0x45,0xfd,0x23,0xc0,0x54,0xf4,0x93,0xc,0x8e,0xc,0xa6,0x1f,0xdc,0x1a,0x10,
  0x51,0x9f,0x5a,0x8a,0x1,0x3,0x43,0x3,0x68,0x8e,0x7e,0x9,0xe2,0x77,0xaf,0x3,
  0x22,0xda,0x3c,0x22,0x49,0x48,0xc9,0x3d,0xf0,0xc0,0x3,0x41,0xa4,0xb4,0xba,0xba,
  0xba,0x40,0x45,0x22,0x91,0x10,0xa3,0x9b,0x1d,0x6e,0x36,0xe4,0x67,0xd6,0x5b,0xf9,
  0xf8,0x13,0x83,0x81,0x45,0xa8,0x71,0x90,0x36,0x2,0x89,0x48,0x21,0xfa,0x49,0x5c,
  0x70,0x29,0xc4,0x2a,0x14,0xfd,0xb,0x27,0xad,0x0,0x45,0xfd,0x1a,0xa4,0x5b,0x4c,
  0xa1,0x18,0xa5,0xb7,0x98,0x14,0x11,0xff,0x8c,0x2c,0xe8,0xe9,0xe9,0x81,0xd3,0x4f,
  0x3f,0x1d,0xf2,0xc1,0xc7,0x1a,0xd8,0x9d,0x9d,0x9d,0xe,0xe4,0xa7,0xdc,0x37,0x83,
  0xc1,0x44,0x20,0x9a,0x1a,0xc7,0x44,0x3b,0xd3,0x49,0x9a,0x60,0x82,0x82,0x41,0x85,
  0x88,0x4e,0x8a,0xed,0x62,0x88,0x1c,0x59,0xd0,0x54,0x3d,0xfc,0xf4,0x2,0x55,0x5e,
  0x52,0x4e,0x6f,0xd2,0x3,0x9c,0x60,0x7a,0x81,0x7c,0x6b,0xaf,0x48,0x69,0x59,0x32,
  0xca,0xb8,0xff,0xfe,0xfb,0xe1,0x9e,0x7b,0xee,0x1,0xf1,0xf7,0x4c,0xb8,0xf,0x81,
  0xcf,0xec,0xd9,0xb3,0x2d,0x5e,0x5c,0x97,0xe2,0xa3,0xa2,0xd4,0x88,0x88,0xc1,0x14,
  0xd1,0x25,0x9a,0xfa,0x47,0x84,0x62,0xba,0x66,0xfb,0xee,0x44,0x99,0x78,0x74,0x52,
  0x51,0x5c,0x41,0x8,0x0,0x88,0x0,0xcc,0xbf,0xa,0x3,0xf4,0x4b,0x17,0x98,0x36,
  0xf9,0xb1,0xf4,0x63,0xc,0xd2,0x20,0x11,0xb2,0xb4,0xf,0x32,0xdf,0xf,0x33,0xfc,
  0x32,0xd7,0x12,0x7e,0x19,0x3f,0x65,0x64,0xbe,0x2f,0xf3,0x7b,0x12,0xa4,0x1f,0x66,
  0xfb,0x31,0x4,0x62,0x19,0x75,0xf,0xe4,0xc6,0x7c,0xf3,0x21,0xf9,0xf9,0x4a,0x9c,
  0x12,0x30,0x4,0xea,0x1f,0xaa,0xfa,0x6,0x70,0x6c,0x29,0x22,0x82,0x33,0xcf,0x3c,
  0x13,0x36,0x6e,0xdc,0x8,0xfc,0xc4,0x5e,0x50,0x51,0x5e,0x5e,0xce,0x84,0x88,0xf0,
  0x69,0x9d,0x90,0x87,0x92,0xb7,0xb8,0x88,0x18,0x4c,0x11,0x3d,0x7c,0x6d,0x63,0x62,
  0xc5,0xf4,0xe8,0x44,0x58,0x37,0xcb,0xb7,0x71,0x76,0x23,0x41,0x2e,0x64,0x5d,0x24,
  0x62,0x74,0x42,0x84,0x79,0x7d,0x70,0x92,0x7f,0x1e,0x4d,0x95,0x8d,0x38,0xd9,0xd1,
  0x43,0x88,0x68,0x31,0xde,0xaf,0xeb,0xb1,0xb8,0x88,0xc8,0xa8,0x42,0xc,0x52,0x83,
  0x2d,0x5b,0xb6,0x0,0x3f,0x23,0xb,0x54,0x54,0x54,0x54,0xa0,0x2f,0x22,0x8,0x6a,
  0x8a,0x85,0x2b,0x18,0xc,0x6f,0xd5,0x8,0x44,0xff,0xf7,0xf0,0x5b,0x7d,0x25,0xe3,
  0x9b,0x7,0x21,0xc0,0xd4,0xa5,0xb5,0x9a,0xab,0xe7,0xe0,0x78,0x51,0x20,0x8a,0x28,
  0xc,0x12,0x8c,0xfa,0xe0,0xd3,0xb,0x19,0x42,0xf6,0xd7,0xd1,0x5c,0xd7,0xfa,0xc6,
  0x1f,0xae,0xe6,0x24,0x6a,0x47,0xfe,0xe,0x8,0xf1,0xd8,0xb4,0x69,0x13,0xf0,0xf9,
  0x21,0xf9,0x84,0x15,0x79,0xf1,0xdd,0xe1,0xdb,0x7d,0x11,0xd4,0x24,0xde,0xc2,0x91,
  0x88,0xc1,0x44,0x20,0xfa,0xfa,0x87,0xe2,0xf5,0xd0,0xd,0x86,0x79,0xba,0xa6,0xb,
  0x9e,0xd6,0x6a,0x6b,0xe8,0x40,0x0,0x9,0x4a,0xbf,0xc8,0x91,0x7,0xea,0x44,0xa8,
  0x40,0x15,0xf1,0x8e,0x86,0xe,0x6,0x13,0x83,0xcc,0xeb,0xd9,0x22,0xc2,0x3b,0xd1,
  0x19,0x70,0x44,0x1a,0x6b,0xfd,0xfa,0xf5,0xc4,0x27,0x74,0xe6,0x3b,0xd1,0x17,0x8c,
  0x88,0x18,0xc,0xea,0x8,0x24,0x7c,0xa,0x4b,0x2f,0x28,0xa0,0xd9,0xba,0x3b,0xe5,
  0x69,0xad,0x5d,0xb7,0xdf,0xd5,0x2e,0xb2,0x8b,0x88,0x49,0x5f,0xd9,0xb6,0x11,0x68,
  0xc7,0xf0,0x6b,0x11,0x94,0xf6,0xc3,0x71,0x7e,0x12,0xe9,0x7,0x3e,0x6a,0x1f,0x22,
  0x71,0x4f,0xb9,0x16,0x22,0xc9,0x8f,0x95,0x6b,0x11,0x64,0xf9,0xcc,0xa9,0x99,0xe3,
  0x55,0x97,0x57,0xb3,0x68,0xf,0x57,0x3,0x22,0xda,0x5c,0x44,0x64,0x71,0x1d,0xba,
  0xbb,0xbb,0xe1,0x9a,0x6b,0xae,0x1,0x15,0xa2,0x16,0xb2,0xe3,0x8e,0x3b,0x3a,0xbc,
  0x41,0x91,0x69,0x44,0xa4,0xc,0xc,0x86,0x19,0xc,0x23,0x4e,0xe0,0x1,0x13,0x31,
  0x85,0x25,0xaf,0x82,0x8,0xcd,0x83,0x5,0x49,0x6b,0x25,0xec,0x4,0xec,0xd4,0xb4,
  0xb3,0xab,0x6c,0x20,0x94,0xd7,0xac,0x26,0x3f,0xf5,0x29,0x61,0x88,0x44,0x81,0xf7,
  0x6,0x1b,0xb,0x29,0xd0,0x28,0x88,0x59,0x7e,0x81,0x35,0xb2,0x4c,0x80,0xc1,0xa6,
  0xc4,0x7d,0xdb,0xf7,0xf5,0xe2,0x77,0x24,0xbe,0x1a,0xe2,0xc4,0x58,0x44,0xac,0x4c,
  0xad,0xbe,0xf6,0xda,0x6b,0xe1,0xde,0x7b,0xef,0x55,0xf6,0x6,0x9,0x11,0x69,0x69,
  0x69,0xb1,0xf9,0x96,0x60,0x5d,0x24,0x52,0xa,0x6,0xc3,0x4c,0x8e,0x40,0x88,0xa3,
  0x2b,0x88,0x2b,0x4c,0x2b,0x1e,0x9a,0xda,0x7,0x5,0xad,0xf0,0x69,0xad,0x63,0x76,
  0x39,0xda,0x53,0x3a,0x22,0x10,0x84,0xaa,0x77,0x20,0x85,0x4b,0x39,0xe5,0x5f,0x2b,
  0x54,0xfd,0x5,0x72,0xfb,0x1c,0xb1,0xe3,0x51,0x2c,0x4e,0xc7,0x8a,0x4c,0x77,0x1,
  0xf3,0x77,0x67,0xd9,0x52,0xde,0xcf,0x3e,0xfb,0x6c,0x10,0xd1,0x88,0xa,0xcf,0xf3,
  0xb0,0xb5,0xb5,0x55,0x88,0x88,0x2e,0x12,0x29,0x1,0x83,0x61,0xe6,0xd6,0x40,0x82,
  0x22,0x12,0xb0,0x0,0xe1,0x8e,0x35,0x51,0xd6,0x3e,0xa,0x8e,0xfa,0x6b,0x3f,0x61,
  0xf7,0x13,0x1d,0xc7,0x2e,0xa,0x86,0x13,0xc4,0xc8,0xd7,0xd4,0xbc,0x49,0x2b,0x12,
  0x7e,0x80,0x79,0xfd,0x8,0x84,0x8f,0x30,0x8,0xf8,0x65,0x89,0x10,0x68,0x12,0x57,
  0x4,0x41,0x1f,0x4e,0x6d,0x45,0x8d,0xc7,0x4f,0xe1,0xb5,0xa2,0xec,0x9a,0xa,0x62,
  0xfa,0x46,0x44,0x3d,0x84,0x9b,0x14,0x11,0x38,0xf6,0xd8,0x63,0x61,0xc1,0x82,0x5,
  0x5a,0x11,0xa9,0xab,0xab,0x63,0xa0,0xa6,0xc8,0x37,0x83,0x61,0xe6,0x45,0x20,0x1,
  0x11,0xd1,0x46,0x21,0xc1,0xfb,0x8a,0x75,0x20,0x74,0xf4,0x11,0x99,0xf0,0xeb,0x95,
  0x17,0x95,0xb3,0xc3,0x77,0x3c,0x22,0x95,0x7e,0x54,0x53,0xa0,0x1e,0x82,0x81,0x47,
  0xba,0x6f,0xf2,0x8,0x76,0x90,0x3e,0xb9,0x65,0x44,0xfa,0x28,0xeb,0x21,0x72,0x2d,
  0x9d,0xf,0xaa,0x7d,0x4e,0xdb,0xeb,0xc,0xb2,0x99,0x1d,0x3,0x71,0x88,0x40,0x8c,
  0x8b,0xeb,0x52,0x44,0xe4,0x89,0xbe,0xab,0x57,0xaf,0x26,0x51,0x40,0x57,0xd1,0xd1,
  0xd1,0x61,0xf1,0xce,0x75,0xd4,0x88,0x48,0x2,0xc,0x86,0x19,0x4,0xe3,0x4,0x1e,
  0xfe,0xe1,0x67,0x7d,0x64,0xfb,0x48,0x2,0xe2,0x11,0x2e,0xfa,0xa0,0x48,0x36,0x41,
  0xae,0x3a,0xec,0x2a,0x66,0x31,0xc,0x1c,0x96,0xa8,0x3e,0x38,0x11,0x48,0x53,0xe7,
  0x8,0x57,0xef,0x10,0x28,0xd6,0xca,0xae,0xe4,0x13,0xa9,0xd6,0x28,0x2a,0x2a,0xa6,
  0xb,0xe,0xb8,0x80,0x15,0x70,0xd6,0xbc,0x89,0x4e,0xa4,0x88,0xf8,0xec,0xb3,0xcf,
  0x3e,0xb0,0x76,0xed,0x5a,0xc8,0x27,0x22,0x4d,0x4d,0x4d,0x36,0xef,0x17,0xd1,0xf5,
  0x89,0x38,0x60,0x30,0xcc,0xa4,0x14,0x96,0x46,0x44,0x68,0xdc,0xbc,0x70,0x7a,0xd7,
  0x77,0xde,0x39,0xfc,0xbb,0xbe,0xdf,0x8d,0x88,0xfb,0x2a,0xe1,0x91,0x6b,0xca,0xd7,
  0x94,0xd1,0xcc,0x94,0x91,0x2d,0x74,0xcd,0x35,0xcd,0xd6,0x81,0x1d,0x87,0xa4,0x42,
  0x6d,0xad,0x45,0x22,0xd0,0x43,0x8,0x7a,0x3f,0x94,0x6b,0x45,0x68,0x36,0x3c,0x6f,
  0xbf,0x73,0xdd,0x64,0x59,0x12,0xe3,0x3f,0x6b,0x5e,0xcd,0x77,0xfe,0xfc,0x1d,0xef,
  0x8b,0xbf,0xf9,0x9c,0xb,0x92,0xf8,0x35,0x3e,0x4a,0x11,0x71,0xe4,0xdc,0x74,0xde,
  0x70,0x28,0xba,0xd6,0xc5,0x69,0xbe,0xca,0x53,0x89,0x77,0xd8,0x61,0x87,0x5c,0x22,
  0x42,0xe3,0x44,0xc4,0x2,0x83,0x61,0xa6,0xa4,0xb0,0x54,0x22,0x32,0x7e,0x87,0xd6,
  0xaf,0xfe,0xfd,0xab,0x91,0x4b,0x37,0x5f,0x32,0xba,0xe9,0xeb,0x1b,0x9d,0xa6,0x59,
  0x4d,0x56,0xc0,0x2f,0x28,0x1e,0x81,0x35,0x84,0x15,0x36,0x95,0x15,0x7e,0xed,0x7b,
  0x4f,0xbe,0xd7,0x4a,0xd8,0xc5,0xea,0xe2,0x36,0x22,0x41,0x28,0x42,0xfa,0x11,0x52,
  0xd4,0xb5,0x6a,0x78,0xed,0xe3,0x8a,0x43,0xae,0xb2,0x40,0x43,0xdc,0xa3,0x93,0x59,
  0x25,0xb3,0xe0,0xc9,0x4f,0xcc,0x63,0x37,0xbc,0xe3,0x5a,0x31,0x5e,0x98,0xe2,0x1c,
  0x9d,0x20,0xa2,0x2d,0x2e,0xbe,0x40,0xc0,0xba,0x75,0xeb,0xf2,0x46,0x22,0x3b,0xed,
  0xb4,0x53,0x98,0x48,0x84,0x81,0xc1,0x30,0xcd,0x61,0xe3,0x77,0x4b,0x9,0x1b,0x1f,
  0x59,0xf4,0x8f,0xf4,0xbb,0xf3,0x3e,0x35,0x6f,0xf8,0xe6,0x77,0x5c,0x6f,0xfd,0xf3,
  0x85,0xbf,0x5b,0x55,0xe5,0x55,0xe2,0x5f,0xc0,0x59,0xef,0xd5,0x88,0x87,0xba,0x6e,
  0x12,0x84,0x26,0xcd,0x34,0xd4,0x96,0xd7,0x5a,0x57,0x1e,0x76,0xc5,0x58,0x76,0xdf,
  0x7,0x11,0x2a,0x6a,0x18,0x39,0xee,0x11,0xb7,0x70,0xfd,0x1b,0x8,0xa4,0xf2,0x91,
  0x30,0xd2,0xfb,0xdc,0x7d,0xd2,0xbd,0x6e,0x59,0x71,0x19,0xc6,0x40,0x3c,0x22,0xad,
  0xd1,0x5e,0xdf,0x8e,0x16,0x0,0xfc,0xfa,0xdf,0xbf,0xc6,0xab,0x36,0x5d,0xe,0x6f,
  0xff,0x56,0x8f,0x3b,0xea,0x8e,0xc6,0xb6,0x76,0xc2,0xa3,0x10,0x29,0x22,0x62,0xfb,
  0xae,0xa8,0x89,0x88,0x83,0x16,0x3,0x33,0x51,0x64,0x61,0x9d,0xfb,0x58,0x7c,0xca,
  0x21,0xaa,0x34,0xc9,0x17,0x11,0x4,0x83,0x61,0x1a,0xc3,0x34,0xe9,0x27,0xfa,0x61,
  0xef,0xf,0x46,0x2e,0x5a,0x7f,0x7e,0xea,0xf3,0xbf,0xfa,0x8c,0xe3,0x1,0x81,0x60,
  0x6e,0x4d,0xb3,0xe7,0xfb,0x66,0x9,0x47,0x1e,0xf1,0x90,0x68,0x52,0x59,0x53,0xcf,
  0x25,0x7,0x5d,0x96,0xd8,0x75,0xce,0xee,0x29,0x19,0x1d,0x84,0x42,0xce,0x26,0xf,
  0x3,0xc2,0xa4,0xf9,0x9d,0xbc,0xd7,0xa9,0x63,0x47,0xee,0x78,0xa4,0x53,0xf8,0x7,
  0xbf,0x9e,0xa8,0x8d,0xa1,0x65,0x89,0x32,0xac,0x2e,0xaf,0xf3,0x80,0x23,0x84,0x63,
  0xeb,0xb7,0xb6,0xb2,0xab,0x7a,0x2e,0xf7,0x7a,0x9f,0xed,0xf5,0x22,0xa4,0xa6,0xa,
  0x8a,0x14,0x11,0x3f,0xca,0x80,0x45,0x8b,0x16,0x81,0xea,0x80,0x45,0x7e,0x1f,0xdb,
  0xda,0xda,0x2c,0xcd,0xef,0x5e,0x31,0x18,0xc,0xd3,0x18,0xa6,0xaa,0x61,0xc,0x8c,
  0xe,0xb8,0xf3,0x3f,0x3b,0x7f,0xf8,0x9e,0xf7,0xdf,0x69,0xbf,0xd8,0xff,0x82,0x85,
  0x0,0x24,0xed,0x6d,0xd5,0x4d,0x2e,0xa4,0x9,0x8,0x87,0x30,0x55,0x21,0x7e,0xea,
  0x53,0x59,0xfa,0x63,0x54,0x18,0x32,0x58,0x78,0xee,0x22,0x6b,0xf6,0xac,0x4a,0x2f,
  0x4c,0x81,0x1c,0x19,0x52,0x56,0x91,0x5d,0x7d,0x95,0x22,0xa3,0x2e,0x94,0x33,0xbf,
  0xef,0x84,0xf9,0x7e,0x79,0x8a,0xef,0x2d,0x75,0x73,0x5d,0x9e,0x72,0xb3,0x23,0x3c,
  0x50,0x63,0x17,0x9d,0x34,0x24,0x6b,0x41,0x20,0x2b,0x2,0xff,0x78,0xfe,0x1f,0x78,
  0xc5,0xd3,0x97,0xe0,0xd6,0x6f,0x6d,0x71,0x53,0xa9,0x54,0xcc,0x8a,0xfb,0x41,0x11,
  0xd9,0x7b,0xef,0xbd,0x89,0x8b,0x48,0xbe,0x53,0x7c,0x45,0xca,0x4b,0x27,0x22,0x9,
  0x30,0x18,0x66,0xd0,0x36,0x5e,0x91,0x56,0x18,0xbd,0x7c,0xcb,0xa5,0xa9,0x2f,0xfc,
  0xe2,0xb3,0xe,0x0,0xd2,0x78,0x6b,0x48,0x6e,0x47,0x1,0xe1,0xc8,0xbf,0x8b,0xb,
  0xa,0x90,0xca,0x82,0xc9,0x7a,0x5f,0x75,0x45,0x35,0x5b,0x73,0xe9,0x7a,0x2a,0x2d,
  0x2d,0xf3,0x72,0x4a,0xce,0x44,0x44,0x8d,0x80,0x70,0x32,0x6b,0x27,0x88,0x54,0x5d,
  0x51,0xe5,0xae,0xbc,0x68,0x35,0x16,0xd9,0x25,0x58,0x68,0xf1,0x20,0xce,0x54,0x9,
  0xd0,0xf6,0x35,0xdb,0x7,0xfc,0x52,0xae,0xb,0x5b,0xbf,0xbd,0x95,0x5d,0xf3,0xce,
  0x2b,0xbd,0x7f,0xbf,0xf8,0x6f,0x2a,0xac,0xc8,0x45,0x8f,0x44,0xf6,0xdf,0x7f,0x7f,
  0x98,0x37,0x6f,0x1e,0xa8,0x28,0x2b,0x2b,0x43,0x3e,0x67,0xdd,0xca,0xf3,0x35,0xda,
  0x33,0x61,0x67,0x96,0xc1,0x1c,0xa6,0x48,0xae,0xe7,0xc2,0x96,0xaf,0x6f,0x1a,0xbe,
  0xf9,0x9d,0xd7,0xb3,0x6d,0x2f,0x6f,0xb3,0x8,0x80,0x32,0xd,0x7c,0x1a,0x92,0xd,
  0x81,0xf4,0x53,0xb0,0x98,0xae,0x8f,0x40,0x22,0x46,0x1f,0xa4,0xb0,0x37,0x44,0x7b,
  0x5d,0xbb,0xbd,0xf0,0x9c,0x85,0x5e,0xc2,0x2a,0x22,0x40,0x20,0x0,0x24,0x9c,0xc0,
  0x7a,0xc4,0x1,0xc,0xed,0x1f,0x6a,0x6d,0x24,0xa0,0xca,0xb2,0x4a,0x5a,0x7d,0xe9,
  0x7a,0xac,0xaf,0x6c,0x64,0x31,0x88,0x3c,0x60,0x32,0xd7,0x68,0x4c,0x6e,0xaf,0xfc,
  0xbe,0xff,0xb2,0xed,0x2f,0x78,0xe5,0xd3,0x97,0xc2,0xa7,0x7f,0xf6,0x69,0x2f,0xa6,
  0xbb,0xcb,0x18,0xf8,0x1c,0x75,0xd4,0x51,0xf0,0xf8,0xe3,0x8f,0x3,0x3f,0x60,0x11,
  0x24,0x96,0x65,0x51,0xa6,0x88,0x34,0x37,0x37,0x33,0x50,0x63,0x4f,0xe7,0x9d,0x59,
  0x6,0x23,0x20,0xd4,0xf7,0x6a,0x5f,0xea,0xfa,0x77,0x5e,0x33,0xfa,0xae,0xef,0xbc,
  0xdd,0x76,0xc9,0x5,0x44,0x22,0x69,0x32,0x63,0x23,0x7d,0xeb,0x67,0xd5,0x21,0x70,
  0x2,0xc2,0x31,0xf1,0x13,0x7a,0xa7,0xa0,0xc9,0x30,0xbc,0x18,0xed,0xdb,0xba,0xbf,
  0xbd,0xf2,0xd2,0x35,0x2e,0x1f,0x3a,0xe5,0x29,0x9a,0x4,0x3,0xf7,0x90,0x50,0x36,
  0x17,0x82,0xb6,0x98,0x8e,0x44,0x61,0xa,0xe5,0xb2,0xa0,0xdf,0x58,0xd9,0xe0,0x6d,
  0xba,0x72,0x33,0xb4,0xd6,0xb6,0x32,0x8,0x10,0xa8,0x35,0x4d,0xbb,0xd4,0x56,0x6d,
  0xb2,0x36,0xf0,0xd4,0xb4,0x33,0xa2,0xb7,0x91,0xd1,0x51,0x58,0xf6,0x85,0xf9,0xf8,
  0xd0,0x87,0xef,0xf3,0xf8,0x2c,0x7b,0x2a,0x80,0x38,0x44,0x89,0x42,0x50,0x3e,0xf4,
  0x65,0xc7,0xfa,0x75,0xd7,0x5d,0xa7,0x16,0xcb,0xc6,0x46,0xc6,0x3b,0xd6,0x31,0xcf,
  0xd7,0xe0,0x4c,0xcb,0xa2,0xba,0xc1,0xa4,0xb0,0xbe,0xfb,0x97,0xef,0x8e,0x5e,0xb5,
  0xf9,0x32,0xfa,0xe3,0x7f,0x7f,0xcf,0xe4,0xbf,0x0,0x85,0x81,0x4,0x89,0x32,0x2d,
  0x59,0x5a,0xa9,0x11,0x8e,0x80,0x45,0x2c,0xa6,0x47,0x8f,0x36,0x54,0x53,0x10,0xc7,
  0x17,0x83,0xf7,0x9c,0xbb,0xa7,0xbd,0xf9,0xaa,0x1e,0x78,0x5b,0xf5,0x1c,0x37,0xef,
  0xcc,0xe,0x2,0xc2,0x60,0xc4,0x11,0x7d,0x4b,0x30,0x2,0x21,0x11,0xed,0x3a,0x77,
  0x37,0xb7,0xe7,0x9a,0x77,0xe0,0x9c,0xea,0x66,0x16,0xe5,0x61,0x1d,0xe7,0xba,0x48,
  0xb2,0x24,0x9,0x61,0xf8,0xd6,0x1f,0xbf,0x8d,0x97,0x6d,0xbe,0x8,0xfe,0xfc,0xcc,
  0x9f,0xb5,0xdf,0x8f,0x6d,0xdb,0x53,0x16,0x9d,0xc,0xf,0xf,0x67,0x89,0xc8,0x25,
  0x97,0x5c,0x2,0xe7,0x9e,0x7b,0xae,0x72,0x83,0xc1,0x76,0xdb,0x6d,0xc7,0xf8,0x91,
  0xf1,0x8,0x6a,0x1c,0x30,0x18,0xa6,0x11,0x6c,0xd3,0xd7,0x36,0xc,0x3f,0xf0,0xa1,
  0xfb,0xac,0xd7,0x47,0x6,0x50,0x1e,0x2f,0xeb,0x1b,0x20,0x20,0xe5,0xb2,0xca,0xd2,
  0xd9,0x18,0x62,0x3e,0xba,0x20,0x5a,0x31,0x5d,0x43,0xa1,0x3a,0xd5,0x5b,0x6a,0x5b,
  0xad,0x77,0x5c,0xf7,0x6e,0xeb,0xb8,0xdd,0x4e,0x1c,0x93,0x33,0x6b,0x11,0x19,0x1,
  0x20,0x11,0x82,0xb8,0xfa,0xf3,0x65,0x59,0x46,0x81,0x1c,0xfd,0x8f,0xb9,0xf9,0x7f,
  0x45,0x44,0x2,0xc6,0x48,0xde,0x93,0x6b,0xc9,0x39,0xb5,0x2,0x79,0x9f,0x80,0x11,
  0x20,0x92,0x6d,0x5b,0x70,0xc9,0xa1,0x97,0xa7,0xd6,0x5f,0xba,0xd9,0xe6,0x3f,0xe7,
  0xa8,0xe2,0x1,0x31,0x10,0xf,0x65,0x6d,0xa5,0xb2,0xb4,0x12,0xe5,0xf3,0x57,0x5c,
  0x90,0x1,0x1,0x58,0xf2,0x96,0x7f,0xb5,0x0,0x6c,0xb,0x9e,0x79,0xed,0x19,0xb8,
  0xe9,0x9d,0xd7,0xd3,0x27,0x7f,0xf6,0x49,0x2f,0x2e,0x8d,0x91,0x52,0x44,0xb8,0x59,
  0xe0,0x23,0x4e,0xf0,0x3d,0xe0,0x80,0x3,0x40,0x5,0x1f,0x5c,0xc5,0xf8,0xe1,0x8b,
  0xa0,0x80,0x4d,0x27,0x11,0x31,0x18,0xd8,0x7b,0xbe,0xff,0x1e,0x47,0xfe,0x72,0xcb,
  0x10,0x43,0xf7,0x20,0x2f,0x2f,0x2e,0x67,0x20,0x51,0x88,0x48,0xbc,0x53,0x59,0x7a,
  0x8a,0x9d,0x62,0x78,0xec,0x8c,0xc7,0x9d,0x55,0x97,0xae,0x1e,0x6b,0xaa,0x6e,0x4a,
  0x15,0x6a,0x56,0x3b,0x66,0x44,0x27,0x3b,0x35,0xed,0xe4,0x3e,0x7d,0xf5,0x3b,0xbc,
  0xeb,0x8f,0xbc,0xd1,0x41,0xc4,0xa9,0x88,0x28,0x28,0x82,0x4f,0x4,0x1,0xa,0x46,
  0x20,0xe8,0x69,0x22,0x34,0x86,0x34,0x92,0x1a,0x81,0x15,0x5f,0x5a,0x82,0x4f,0x7d,
  0xfa,0x29,0x6f,0x38,0x35,0x1c,0xa7,0xc6,0x48,0x1c,0x1a,0x1a,0xb2,0xc0,0x67,0xfe,
  0xfc,0xf9,0xc0,0xb7,0xf0,0x82,0xa,0x9e,0xca,0x62,0xa0,0x6,0xa7,0x4b,0x3d,0xc4,
  0x60,0x60,0xc,0x88,0x84,0x21,0x80,0x34,0xe,0xca,0x22,0x32,0xf8,0x46,0x28,0xd,
  0x19,0x25,0xac,0xc4,0x44,0xc6,0xe0,0x42,0xbc,0x52,0x59,0xfa,0x35,0x5,0xe0,0xb3,
  0x6f,0xcb,0xfe,0xce,0xfb,0x6e,0xf8,0xa0,0x75,0xd7,0x49,0xf7,0x8e,0xf1,0xcd,0x3,
  0xae,0xb2,0xb9,0xd0,0xaf,0x85,0x0,0x10,0x49,0x1f,0xcc,0xdb,0x34,0x48,0xc4,0x10,
  0x28,0x1d,0xf1,0xb4,0xb8,0xdd,0xe7,0x74,0xa7,0x36,0x5f,0xf9,0xb4,0xdd,0x5e,0xd7,
  0x61,0x45,0x13,0xe,0xbd,0x5f,0x5c,0x7c,0x12,0x56,0x2,0x41,0xc0,0xb2,0x7d,0x2c,
  0x6e,0xf9,0x3e,0xfe,0xda,0xaf,0xbf,0x84,0x77,0xbd,0xff,0x36,0xaf,0x7f,0xb8,0x9f,
  0x22,0x88,0xc3,0xa4,0xee,0x40,0x43,0x8e,0xb8,0xf8,0x45,0x73,0x58,0xba,0x74,0x29,
  0x88,0x6d,0xbc,0xb9,0x48,0xa5,0x52,0x62,0x34,0x2e,0xd3,0xa4,0x96,0x11,0xc,0x86,
  0x98,0xc3,0xe4,0xce,0x21,0x84,0x60,0x3d,0x83,0x0,0x69,0xbc,0xd9,0x8c,0x79,0x88,
  0x28,0x7d,0x42,0x89,0x48,0x1c,0x52,0x59,0xea,0xfa,0x87,0x1e,0x87,0x39,0x78,0xd6,
  0xde,0x67,0x25,0x3e,0x78,0xcb,0x47,0xad,0xee,0x73,0xe6,0x8f,0x1d,0xd0,0x79,0xe0,
  0x98,0x85,0x4c,0x51,0xb,0xd1,0xe0,0xb,0x4d,0xc2,0x29,0xa2,0x23,0x77,0x39,0x26,
  0xb5,0xec,0xa2,0x15,0xee,0xbb,0xaf,0x7f,0x9f,0x7d,0xe4,0x8e,0x47,0x3b,0x8,0x18,
  0x39,0x15,0x35,0x5d,0xc4,0x43,0x4e,0xff,0x43,0xf4,0xb4,0xeb,0xa0,0xe7,0x6,0x7c,
  0x7e,0xf7,0x9f,0x5f,0xe3,0xd5,0x3d,0x97,0xc3,0x3f,0x5f,0xf8,0x27,0x4d,0xcd,0xf6,
  0x64,0x3d,0x3c,0xa,0x91,0xf,0x7e,0xa8,0xaf,0xaf,0x87,0x35,0x6b,0xd6,0x0,0x3f,
  0xd2,0x4,0x72,0xc1,0xcf,0xd3,0xc2,0x1c,0x73,0x44,0x28,0xa0,0x9b,0x6,0x43,0x8c,
  0x61,0x99,0xd3,0xee,0xe4,0xae,0x2b,0x40,0x90,0xf7,0xa4,0x81,0x34,0x9b,0x39,0x20,
  0xd1,0x4d,0x28,0x8c,0xb0,0x2b,0x2b,0x42,0x93,0x61,0xe1,0xb0,0x2d,0x1b,0xc4,0x83,
  0x7e,0xe9,0x5,0x2b,0x9d,0x4f,0xdd,0xf5,0x79,0xef,0x89,0xb3,0xbb,0x53,0xa7,0xee,
  0x7d,0xda,0x58,0x4b,0x5d,0xab,0x9b,0x70,0x12,0x94,0xaf,0xb9,0xb0,0xb4,0xb8,0xd4,
  0xeb,0x68,0xec,0x4a,0x9d,0xb3,0xff,0xb9,0xa9,0x45,0x17,0x2c,0x71,0x3f,0x73,0xd7,
  0x17,0xf0,0xa9,0x33,0xe7,0x39,0xfb,0xb7,0x1d,0x68,0x43,0xe,0x54,0x2,0x17,0x87,
  0xe8,0x24,0xf4,0xd7,0x25,0x51,0x47,0x20,0xfa,0x75,0x18,0x6,0x7d,0xec,0xf4,0xa5,
  0x6f,0xa0,0xf,0x6e,0x7c,0xc7,0xb5,0xf4,0xd3,0x7f,0xfc,0xd4,0x7b,0xb3,0x1b,0x23,
  0x89,0x23,0x45,0x64,0x60,0x60,0x0,0x81,0xd3,0xde,0xde,0xe,0xcb,0x96,0x2d,0xb,
  0x6c,0xeb,0x95,0x74,0x76,0x76,0x22,0x2f,0xac,0x4f,0xdb,0x54,0x96,0xc1,0x60,0xfb,
  0xbf,0x18,0xe8,0x5f,0xe5,0xc9,0xe5,0x32,0x2,0xc1,0xf1,0xbf,0x3c,0xcc,0xa,0xce,
  0xf7,0x50,0x7e,0xac,0xbe,0x82,0x2e,0x2,0x99,0xda,0x54,0xd6,0xc4,0xd7,0x4f,0x96,
  0x26,0xd9,0x31,0x3b,0x1d,0xeb,0x70,0x23,0x19,0xe1,0xbc,0x30,0xf0,0x42,0xea,0xa5,
  0x81,0x97,0xbc,0x81,0xe1,0x1,0xf2,0x28,0xe5,0x71,0xb1,0xa5,0xe2,0x44,0x9,0xd4,
  0x55,0xd4,0x41,0x55,0x59,0x15,0x3,0x0,0xc,0x3f,0xa8,0x2b,0x7a,0xca,0x45,0x32,
  0xc9,0xeb,0x4d,0x9a,0x8f,0x65,0x59,0x9a,0xc8,0x3,0x8,0x18,0xe4,0xa5,0xdf,0xed,
  0x87,0x7b,0x3e,0x7c,0x7,0xde,0x7d,0xec,0xdd,0xde,0xa9,0x7b,0x9e,0x89,0x10,0x60,
  0xea,0x53,0x5b,0x88,0xc8,0x0,0xc0,0xf3,0xbb,0xd5,0xe1,0xe6,0x9b,0x6f,0x86,0x9e,
  0x9e,0x1e,0xc8,0x5,0x3f,0x4f,0x8b,0xf5,0xf5,0xf5,0xb9,0x79,0x44,0x44,0xae,0x65,
  0x30,0xc4,0xe,0x96,0x2f,0x2a,0x40,0x20,0x1a,0x6f,0xa3,0xa9,0x51,0xa,0x37,0x5c,
  0x4a,0x7d,0x2d,0xd4,0x11,0x27,0x13,0x4d,0x5f,0xa9,0x7d,0x27,0xe,0x22,0x82,0x38,
  0x9c,0xb1,0xab,0xbe,0xcb,0xda,0x6b,0xee,0x5e,0xd6,0x3e,0xcd,0xfb,0xd9,0x7b,0xcc,
  0xd9,0xd3,0xde,0xa1,0x61,0x7,0xcb,0x17,0xf,0x25,0x11,0x9a,0x28,0xd5,0xc4,0xbf,
  0x76,0x22,0xa6,0xff,0x81,0xa,0x64,0xa8,0x5f,0x47,0x1e,0xce,0xe6,0x2,0xac,0xf8,
  0xf2,0x12,0x5c,0xfc,0xf9,0xc5,0x1e,0xaf,0x2f,0xc4,0xe2,0x44,0xe2,0xc1,0xc1,0x41,
  0xb,0x7c,0x2e,0xbb,0xec,0x32,0x3a,0xe4,0x90,0x43,0x20,0x17,0x3c,0x8d,0x25,0x44,
  0x6,0x41,0xd,0xfa,0x66,0x30,0xc4,0xe,0xa6,0xd8,0x79,0xa5,0x7c,0xa8,0xa5,0xdc,
  0x31,0xf4,0x3c,0x57,0xf9,0x70,0xd7,0xcd,0x4c,0x8f,0x90,0xca,0x8a,0x4d,0x3a,0x2b,
  0xfa,0xd7,0x13,0x9c,0x93,0x12,0x51,0x38,0xa6,0x65,0xed,0x64,0x68,0xb4,0x1f,0x72,
  0xe1,0x7a,0x7a,0xf1,0xf0,0x58,0xd0,0xe7,0x73,0xbf,0xfc,0x14,0x3e,0xf4,0xd1,0xfb,
  0x3c,0xbe,0xad,0xf6,0x7f,0xec,0x9d,0x55,0x7b,0x23,0xcb,0x11,0x86,0xab,0x6a,0x46,
  0x7b,0xc2,0x74,0x9d,0x5f,0x10,0xf8,0xf,0xb9,0xca,0x75,0xae,0xc3,0xcc,0xd9,0xd,
  0x6f,0x98,0x99,0x99,0x73,0xf6,0x30,0xed,0x1e,0x66,0xe6,0xe3,0x65,0xf0,0x12,0x79,
  0xd9,0xc,0x32,0x83,0x34,0xd3,0x5d,0xf1,0x44,0xea,0xc7,0xed,0x69,0x8f,0x7b,0x46,
  0xed,0x59,0x59,0xda,0x7e,0x95,0xca,0x78,0xa4,0xf6,0x1c,0xd6,0xf7,0x54,0x7d,0x5d,
  0xd5,0x9b,0xa5,0xf3,0x9e,0xd4,0xe7,0x3f,0xff,0xf9,0xcf,0xe1,0x8d,0x6f,0xcc,0xee,
  0x7b,0x79,0xeb,0x5b,0xdf,0x6a,0x11,0x11,0x8f,0x67,0xf3,0x41,0x69,0xc3,0x3c,0xcf,
  0xa8,0x91,0x9a,0xac,0xb,0xcb,0x17,0x7e,0x81,0xa6,0x42,0x67,0x33,0x9d,0x8d,0x70,
  0xa4,0xdc,0xb2,0x59,0xf1,0xdf,0xed,0xd6,0xec,0xa4,0x2e,0x4c,0x73,0x1c,0x49,0x30,
  0xd8,0x90,0xd9,0x6b,0x5e,0x3a,0xf3,0x12,0x7d,0xe5,0xae,0x6d,0x72,0x76,0x71,0xb6,
  0xed,0xfd,0x2f,0x89,0x17,0x32,0x37,0x37,0x47,0x90,0xd0,0x10,0x11,0xe3,0x30,0xaa,
  0x6a,0xb5,0xca,0x4d,0xd3,0x1d,0x13,0xcf,0xa4,0x93,0x44,0xc4,0xe3,0xa1,0x94,0x61,
  0xe,0x6a,0x7e,0x89,0xf6,0xbe,0x11,0xf5,0x7a,0x4d,0x3a,0x96,0xb0,0xdc,0xcd,0xf4,
  0x75,0x70,0x29,0x5f,0x95,0xbe,0x55,0x38,0x27,0xfa,0x9f,0xe3,0xe6,0xcc,0x4e,0xdc,
  0x5,0x66,0xa1,0xbe,0xa0,0xc,0xf1,0xc6,0x95,0x90,0xd5,0xcf,0x19,0xd7,0x5c,0xa5,
  0xad,0xc3,0x17,0xf,0xe3,0xf6,0x5d,0x5f,0x51,0x22,0x52,0x9e,0x69,0x6e,0x87,0xf5,
  0x12,0xd4,0x3b,0xdf,0xf9,0x4e,0xd8,0xb6,0x6d,0x1b,0x28,0x2a,0x95,0xa,0xa7,0xca,
  0x59,0x4,0x1e,0x4f,0x7,0x41,0x4d,0x6f,0xc3,0xc8,0xc,0xf4,0xad,0xbb,0x90,0xa2,
  0x16,0xd7,0xb5,0xf5,0x2e,0x1d,0xe9,0xd9,0x3f,0xbb,0x34,0x19,0x76,0x72,0x59,0xab,
  0x73,0xb2,0x13,0x77,0x73,0xbe,0x2e,0x16,0x57,0x1b,0xe6,0x16,0xb4,0x35,0x56,0x5f,
  0xe4,0xe0,0xb9,0x5e,0xfa,0xea,0xce,0x2f,0xca,0x99,0xc5,0xaa,0xa3,0x78,0xb8,0x1b,
  0xef,0x49,0x16,0xa2,0x44,0xe4,0x3d,0xef,0x79,0xf,0x24,0xe3,0x4e,0xb2,0x58,0xce,
  0x42,0x50,0x7f,0xcc,0x26,0xcf,0x42,0x3c,0x5e,0x40,0xd4,0x20,0x40,0xe6,0x74,0xd3,
  0xe0,0x8a,0x7b,0x87,0xac,0xc7,0xf8,0xdc,0xb8,0xb4,0x64,0xc,0x16,0x11,0x69,0x77,
  0x29,0xab,0xf3,0xcb,0x5a,0xcc,0xdc,0xf1,0xd9,0xc9,0xc4,0xec,0x4,0x27,0xd7,0x90,
  0x90,0x6d,0xa3,0x69,0x31,0xb5,0x26,0xc8,0xb1,0xbd,0xb0,0xf7,0x62,0x2f,0x6d,0xbd,
  0x65,0xab,0x9c,0x59,0x98,0xe1,0x76,0xe,0x95,0x4c,0x1a,0xa,0x67,0x67,0x67,0x49,
  0xdd,0x6f,0xdf,0xbe,0x1d,0x96,0x47,0xbc,0x73,0x96,0x17,0xb2,0xfc,0x19,0xaa,0x67,
  0x78,0x3c,0x9b,0xdc,0x3,0x41,0x25,0x10,0xab,0xc4,0x43,0x7b,0xdf,0x88,0xb1,0xb9,
  0x51,0x61,0x2b,0x61,0xd9,0xb3,0x93,0xf2,0x4b,0x59,0x6e,0xe5,0x2b,0x7b,0x6c,0xe0,
  0xc1,0x56,0xd0,0x9e,0x8c,0xa3,0xb8,0x20,0x11,0xd1,0x86,0x65,0x27,0xa3,0xb3,0x23,
  0xc,0x46,0x56,0x11,0x42,0x1a,0x94,0x61,0x7a,0x8d,0xb1,0xe,0x45,0x85,0xd7,0x92,
  0x91,0x33,0x3,0xa7,0xe9,0xb3,0x37,0x7e,0x2,0x26,0x16,0x27,0x24,0x58,0x28,0xb1,
  0xb4,0xa5,0x1a,0xa,0x51,0x2d,0xfb,0xfa,0xd7,0xbf,0xe,0x1e,0x4f,0xa7,0x43,0x8c,
  0xc8,0xcd,0x39,0x1b,0x9c,0x84,0xaa,0xd8,0x22,0x32,0xeb,0x91,0xac,0x51,0x31,0x3a,
  0x3d,0x2,0xad,0x88,0x44,0x37,0x97,0xb2,0xca,0x2f,0x6b,0xa9,0xb0,0xd3,0x29,0xde,
  0xc9,0xe8,0xec,0x98,0x4a,0x25,0xd6,0xbe,0x22,0x32,0x12,0x72,0xf6,0x1a,0x2d,0x3b,
  0x51,0xfd,0xad,0x6b,0x5c,0x2f,0x56,0x2f,0xc2,0xd6,0x1b,0x3f,0x3,0x33,0x8b,0x33,
  0xec,0xec,0x69,0xb8,0x81,0x53,0x53,0x53,0x90,0xb0,0x3c,0xca,0x4,0x3e,0xfb,0xd9,
  0xcf,0x42,0x6,0x6a,0x6b,0xaf,0xc7,0xd3,0x9,0x67,0xa2,0x23,0x27,0x1,0x90,0x32,
  0xce,0x35,0x92,0x15,0x2a,0xc6,0x67,0x47,0x9d,0x4a,0x58,0xfa,0xd5,0xf6,0x73,0xab,
  0xf3,0xb2,0x12,0xda,0x25,0x2a,0x1d,0xb2,0x5b,0xb,0xda,0xed,0x9d,0x8c,0x4e,0x8f,
  0x42,0x16,0x92,0xed,0xcf,0x41,0x46,0xeb,0xe9,0x8f,0x28,0x1a,0x9f,0x5f,0x19,0xbb,
  0x82,0x9f,0xdb,0xf1,0xc9,0x44,0x44,0xda,0x7a,0x5e,0xa,0x6a,0x53,0x32,0x13,0x2f,
  0xe4,0xdd,0xef,0x7e,0x77,0xfa,0x2c,0x75,0xee,0x14,0xcf,0xc3,0xe3,0x21,0x44,0x60,
  0x4c,0x42,0xcd,0x69,0x52,0x1,0xd9,0xbb,0xb0,0x46,0x66,0x46,0x2c,0x5f,0xee,0x25,
  0x98,0xe9,0xe,0x4d,0x86,0x5,0xca,0x57,0x16,0x4a,0x2f,0x6d,0xa9,0x3f,0xcf,0xcd,
  0x62,0xbc,0x73,0x99,0x9e,0xc8,0xf8,0xcc,0x8,0xae,0xe9,0x69,0x20,0x72,0x60,0x39,
  0xb2,0xf,0x31,0x66,0x30,0xd6,0xac,0xa6,0x12,0xac,0x5e,0x73,0x79,0xea,0x32,0x7e,
  0x7b,0xd7,0xd7,0x79,0x21,0x5a,0x68,0xd7,0x6c,0x30,0xd5,0xb,0x82,0xea,0x3e,0x19,
  0xba,0xa8,0xc6,0x99,0x5c,0x77,0xdd,0x75,0xc,0x1a,0xef,0x7a,0xd7,0xbb,0xc0,0xe3,
  0xd9,0xcc,0x10,0x32,0xac,0x16,0xb,0x5,0x23,0xaf,0xa,0x8d,0x81,0xea,0x15,0xb4,
  0xf4,0x78,0xb8,0x9a,0xe9,0xdc,0x4a,0x6,0x62,0x13,0x4,0x57,0x81,0xe8,0x92,0xb2,
  0x16,0xb7,0x2d,0x3b,0x49,0x31,0x34,0x39,0x84,0x66,0x56,0x21,0xf2,0x64,0x1e,0xf6,
  0x35,0x62,0xed,0x35,0x7,0x2f,0x1e,0xc4,0x9f,0x3e,0xf8,0x3,0x19,0x45,0x91,0xc3,
  0x19,0xf1,0xce,0xe5,0x2f,0xbd,0xbb,0x3c,0x39,0xe,0x37,0x19,0x2c,0xc9,0x60,0x92,
  0xde,0xb1,0xc5,0xe0,0xf1,0x6c,0x22,0x8c,0x13,0x8,0xcd,0x12,0x96,0x29,0x28,0x17,
  0xc6,0x2f,0x91,0x90,0xa2,0x40,0x9,0xcb,0xc,0x8b,0xa0,0x6c,0xd4,0xc4,0x5e,0xd3,
  0x3c,0x6f,0x1f,0xbc,0x51,0x2,0x97,0xd0,0xe9,0xd9,0xc9,0xd8,0xdc,0x18,0x4f,0x6b,
  0x9d,0xe8,0x42,0x95,0xa3,0x6c,0xe4,0x58,0x83,0x1,0xf2,0xfa,0x27,0x1c,0x3e,0x4f,
  0x7f,0x78,0xe2,0xd7,0xa2,0xcd,0x53,0x89,0x31,0x89,0xa6,0xdf,0xa1,0xe,0xa1,0xf2,
  0x78,0x3a,0xa,0x2,0x62,0x86,0x24,0x10,0x56,0xef,0xc2,0x42,0x65,0xac,0x9b,0x51,
  0x97,0x75,0xe8,0xaf,0x5e,0x11,0xe,0x25,0x2c,0x97,0xf9,0x58,0xf6,0xec,0x63,0x1d,
  0xec,0xbb,0xaf,0x8a,0x53,0x66,0x59,0x6b,0xd3,0xf6,0x93,0x58,0xb0,0x9d,0xd9,0x7e,
  0x76,0xf8,0x14,0x43,0x93,0xbc,0xe3,0xf0,0x65,0x81,0xcc,0xc3,0xb6,0xe6,0xc1,0x23,
  0xf,0xd2,0xf5,0x2f,0xfd,0x43,0x96,0x28,0x1e,0x6a,0xb,0x2f,0x83,0x89,0xea,0x42,
  0x47,0xf5,0x8c,0x2f,0x7f,0xf9,0xcb,0xe0,0xf1,0x74,0x1a,0x4,0xc,0xac,0x9f,0x7b,
  0xbe,0x72,0x40,0x12,0xb0,0x11,0x0,0xa0,0xe2,0xec,0xc8,0x99,0xc8,0xa1,0x84,0xe5,
  0x70,0xd8,0x54,0xe9,0xf3,0xb2,0xb8,0x70,0x6c,0x20,0xa6,0x4f,0x53,0xbe,0xf1,0x9e,
  0x50,0xec,0xcf,0xcd,0x5d,0x8c,0xce,0x8e,0x9c,0xe5,0x40,0x2b,0x47,0x5,0x49,0x64,
  0x78,0x1a,0xc8,0x92,0x1,0x81,0xb3,0x3e,0x57,0x60,0x0,0x56,0x5f,0x44,0xcf,0x4e,
  0x6e,0x7c,0xf6,0x26,0xda,0x75,0xf0,0x76,0xe9,0x20,0x1e,0x4e,0xa5,0xad,0xe5,0xf3,
  0xd1,0x93,0xb,0x36,0xfb,0x3f,0x20,0x29,0x65,0x79,0x3c,0x9d,0x37,0x8d,0x97,0x1b,
  0xaf,0x66,0xa5,0x8a,0xf5,0x0,0x1d,0x5e,0x79,0x9d,0x1b,0xed,0x63,0x50,0x38,0x88,
  0x88,0x7b,0x29,0xcb,0x9e,0x7d,0x64,0x98,0xe7,0x16,0xba,0x7b,0xb7,0x56,0xbb,0xb7,
  0xfa,0xf6,0x8d,0xf6,0xb1,0x40,0x61,0x5b,0x6b,0xcf,0x4e,0xd4,0x36,0xde,0x28,0x6,
  0x1b,0x28,0x4c,0xe3,0xfd,0x2f,0x8f,0xfd,0x85,0x5e,0x38,0xfd,0x2,0xbb,0xa,0x83,
  0x83,0x8,0xa1,0x66,0x9a,0x27,0x9d,0xe8,0xfa,0x68,0x13,0x6,0x8f,0x67,0x13,0x43,
  0x88,0x5a,0xed,0x99,0xb5,0x57,0x3,0x25,0x28,0x46,0x9c,0x18,0x3c,0x8e,0x5,0x4a,
  0x58,0x4e,0x4d,0x85,0x65,0x34,0x19,0xda,0x9b,0x7,0xdd,0xb1,0x36,0x2c,0xb6,0x4c,
  0xe7,0x8f,0x49,0x39,0x33,0x7c,0x12,0x2d,0xe3,0xf1,0x59,0x30,0x3a,0x1b,0xea,0x76,
  0x5f,0x24,0x82,0x9f,0x3f,0xf0,0x43,0xe8,0x9f,0xec,0xb7,0xfc,0xf9,0x97,0x27,0x30,
  0x23,0x23,0x2b,0xbb,0xd1,0xb6,0x6e,0xdd,0xa,0x6f,0x7b,0xdb,0xdb,0x92,0xc6,0x43,
  0x6,0x8f,0xa7,0x53,0xa6,0xf1,0x2a,0x21,0x51,0xd6,0x9e,0xad,0x6c,0x73,0x72,0xf0,
  0x38,0xd5,0xe3,0x9a,0x6c,0x31,0xfb,0x60,0xf7,0x52,0x96,0xbd,0xc,0x63,0x6c,0xdd,
  0x2d,0x6,0xbb,0x46,0x59,0x6,0x7c,0x87,0x4e,0xff,0x5,0xb5,0x6e,0x6c,0x7a,0x98,
  0x47,0x67,0x47,0x31,0xab,0x39,0x10,0x9,0xd8,0xfc,0xcc,0xbc,0xa,0xd4,0x9a,0xc,
  0x33,0x1a,0x9,0x45,0xd0,0x68,0x46,0x5c,0x6f,0xcd,0xac,0x98,0xc3,0xaf,0xde,0xb9,
  0x95,0xe7,0xe7,0xe7,0xdb,0x61,0xaa,0x27,0x93,0x78,0xf5,0x59,0x58,0x6a,0xe7,0x95,
  0xc7,0xd3,0x79,0x7,0x4a,0x21,0x20,0xeb,0x1,0x19,0xd4,0x44,0xd,0x8f,0xf,0x1e,
  0x8f,0x5d,0x4b,0x58,0xfa,0xb5,0xfc,0x5d,0x59,0xee,0x3b,0xa1,0x7c,0x59,0xcb,0x5d,
  0x64,0x76,0x5f,0xda,0x2d,0x61,0xd,0x24,0x9,0x6,0x99,0x23,0xeb,0x90,0x31,0x23,
  0xd9,0xd7,0xe5,0x59,0x13,0x13,0x32,0x4a,0xe4,0xe1,0xe9,0x61,0xfc,0xf1,0x3,0xdf,
  0xe5,0xab,0x96,0x79,0x98,0xe8,0xd,0x86,0xdc,0x49,0x3d,0x20,0x1e,0x9f,0x81,0x30,
  0x2,0xa6,0xc4,0xa3,0xf1,0x22,0x20,0xce,0x8a,0x43,0x97,0xf6,0xc7,0x96,0xcc,0xa2,
  0x84,0xa6,0x42,0xe3,0xde,0x10,0x83,0x82,0xd9,0x7,0x67,0xc5,0x55,0x15,0x9,0xf5,
  0xe7,0xdb,0x22,0x9b,0xe7,0x50,0x2b,0xfb,0xb3,0xf,0x9d,0xdf,0xf,0x9,0x41,0xf3,
  0x95,0x80,0x12,0x39,0x50,0x56,0xba,0xd1,0x3c,0x18,0xa4,0x44,0x21,0x5c,0x63,0x22,
  0x56,0xa8,0x92,0xa,0xf5,0x3c,0x36,0x4d,0xf4,0x8a,0xfa,0x5c,0xad,0xe1,0x2d,0xda,
  0xfd,0x9e,0x8b,0x7b,0xf0,0xa6,0xdd,0xff,0x91,0x6d,0xec,0x54,0x47,0xb5,0xc6,0x1b,
  0xea,0x9e,0xe,0x3b,0x50,0x8a,0x39,0x89,0x22,0x25,0x9c,0xfd,0x17,0xf6,0xd9,0x7c,
  0x10,0x70,0x69,0x2a,0x74,0xce,0x40,0xdc,0xcb,0x40,0xbc,0x91,0x91,0x50,0x96,0xbf,
  0x72,0xf5,0xce,0x27,0x71,0x17,0x99,0xc3,0x97,0xe,0x13,0x34,0x91,0x52,0x30,0xe4,
  0xcc,0x26,0x50,0xda,0xd7,0xc5,0x12,0x9d,0xb2,0x93,0x1b,0x9e,0xbf,0x81,0x5e,0x38,
  0xf3,0x24,0x17,0x11,0xd7,0x92,0xd6,0x74,0x5e,0x29,0xcb,0xe3,0x4b,0x58,0xc,0xcc,
  0x7a,0xc0,0x3a,0x9c,0x1e,0x39,0x15,0xce,0xd5,0xe6,0x8c,0xc9,0xbc,0x45,0x4e,0x28,
  0x74,0x33,0xd3,0xb3,0xff,0x23,0xcf,0x91,0x7d,0x70,0x2a,0x36,0x33,0x4a,0x80,0x3a,
  0xbe,0xac,0x75,0x61,0xac,0x4f,0x56,0x17,0xab,0x0,0x12,0x32,0xbe,0xe8,0x2d,0x27,
  0x10,0x5a,0x45,0xc1,0x8e,0x4d,0x88,0x7e,0xf1,0xe0,0x2f,0x71,0x60,0x66,0x40,0x3a,
  0x6c,0x81,0x76,0xe9,0xd4,0xc7,0x8e,0xeb,0x42,0xf7,0xf8,0x59,0x58,0x6a,0x22,0x6f,
  0x7a,0x2a,0x2f,0x23,0x73,0x56,0x8,0x29,0xf8,0xb9,0x53,0x4f,0x47,0x90,0x50,0xf8,
  0x84,0x42,0xf7,0x52,0x56,0x42,0x81,0xec,0x63,0xd3,0x95,0xb2,0x4c,0xc1,0xeb,0xfe,
  0x26,0xc4,0x67,0x4f,0x3e,0x29,0xf3,0xb,0x7,0xb0,0xcc,0x2d,0xa,0x31,0xe7,0x59,
  0x13,0xe7,0x78,0xde,0xbc,0x98,0xe7,0xed,0x3b,0xb7,0x43,0xbd,0x5e,0x77,0x6d,0x22,
  0x2c,0xdc,0x33,0x93,0x21,0x22,0xc,0x1e,0xcf,0xa6,0xdd,0xc6,0xb,0x0,0x46,0xb3,
  0x20,0x2,0xe7,0x89,0xe7,0x4e,0x3f,0x6d,0xdb,0x5e,0xcb,0xa9,0x80,0xf2,0x4a,0x59,
  0xf6,0xec,0xa3,0x95,0xce,0xf3,0xd,0x2d,0x5f,0x99,0xd1,0xb1,0x65,0xad,0x56,0xd6,
  0x3f,0x73,0xf2,0x29,0x4,0x45,0x46,0xf3,0x20,0x6a,0x65,0x28,0xe3,0x73,0xcb,0x36,
  0xde,0xa,0x98,0x84,0x5a,0x76,0x52,0xb1,0x64,0x30,0xd4,0x14,0xa2,0xfe,0xd1,0xf3,
  0xf8,0x97,0x17,0xff,0xc2,0x6d,0x32,0xd4,0x41,0x37,0xd4,0xc1,0xe3,0xd9,0xd4,0x25,
  0x2c,0x44,0x86,0x74,0x2f,0x88,0x7a,0x59,0x38,0x74,0xe9,0x50,0x38,0xb5,0x30,0x29,
  0x2c,0x25,0x2c,0xf7,0xa6,0x42,0x7b,0xe9,0x4a,0x19,0xd1,0xa5,0x9c,0x64,0xd8,0x8d,
  0xbb,0xb5,0x98,0xf9,0x6a,0x96,0xb5,0xf8,0xf4,0xf0,0x69,0x39,0x34,0x33,0x84,0xb0,
  0x1e,0x94,0xb3,0x5c,0x55,0xc0,0xeb,0x10,0x12,0xb9,0x95,0xb2,0xd6,0xc3,0x7,0xef,
  0xc1,0x3d,0xe7,0xf7,0xb0,0x83,0x30,0xb8,0x1a,0xea,0xea,0x8f,0x9,0x1e,0xcf,0x66,
  0x84,0x94,0xd9,0x1,0x4a,0x48,0x54,0x28,0x78,0xfd,0x17,0x4b,0x1,0x2f,0x9e,0x79,
  0x36,0xb2,0x97,0xb0,0xdc,0x7d,0x10,0x4b,0xe9,0x4a,0xc3,0x9e,0x7d,0xb4,0x92,0x71,
  0xb4,0x79,0x0,0x63,0x87,0x94,0xb5,0xb2,0xbd,0xa9,0xa7,0x8f,0x3f,0xc1,0x90,0x1,
  0x12,0xe4,0x32,0xc9,0x85,0x4,0xc6,0x2,0x22,0x93,0xaf,0x7c,0x98,0xbd,0xee,0xd7,
  0xf,0xfd,0x4,0xc6,0x66,0xc6,0x2c,0x7f,0xfd,0x25,0x9,0x8c,0xc7,0xd3,0x21,0x26,
  0x3a,0xe8,0x42,0x62,0x88,0x89,0x25,0x9e,0x38,0xf6,0x18,0x38,0x1c,0x2e,0xe5,0x76,
  0xd8,0x94,0xa2,0x70,0xf6,0x51,0x5c,0x1c,0xca,0x2a,0x5f,0x11,0xd1,0xa6,0x2e,0x6b,
  0x11,0x91,0x73,0x59,0x4b,0x8,0x1,0xcf,0xaa,0xf2,0x95,0x86,0xc8,0xd8,0x5d,0xe5,
  0x6a,0x92,0x23,0xc5,0x6c,0x17,0x8e,0x98,0x23,0xcb,0x1f,0x7b,0x6a,0x61,0x1a,0xff,
  0xf4,0xcc,0xaf,0x24,0xe4,0xc3,0x8b,0x87,0xe7,0x9a,0x82,0x88,0x98,0x55,0x60,0x56,
  0x7,0x3a,0x2,0x64,0x6,0x0,0x2f,0x37,0x14,0x6,0x7d,0x6a,0xb8,0xa2,0x93,0x88,
  0xd8,0x33,0x10,0x66,0x6e,0x69,0xc4,0x9,0x33,0x97,0x56,0xca,0xf2,0x4d,0x88,0xf6,
  0xc,0xa5,0xe7,0xc2,0x4b,0x62,0x62,0xbe,0xd1,0x7d,0x1e,0xa8,0x6d,0xb9,0x28,0x38,
  0x4c,0xee,0x53,0x1d,0xe6,0x41,0xa8,0x1b,0x1e,0x8d,0xb5,0x4a,0x3c,0xc2,0xb0,0xf9,
  0xb6,0x5a,0xa3,0xdd,0xab,0x75,0xea,0xb3,0xac,0x6b,0x45,0xcb,0x4e,0xb6,0xc0,0xfa,
  0x50,0x50,0xe7,0x97,0x4e,0xbd,0x8c,0xf,0x1f,0x7d,0x98,0x21,0x1b,0xf6,0x99,0x87,
  0xe7,0x5a,0x84,0x74,0xaf,0x63,0xd5,0x19,0xe8,0xa,0x5b,0x19,0xab,0xc9,0xfd,0x47,
  0xee,0x89,0x6d,0x25,0x2c,0x15,0xce,0xe2,0x61,0xae,0x1,0x22,0x2a,0x32,0x64,0x91,
  0xf5,0xe8,0x80,0x52,0x56,0xc9,0x7f,0x5e,0xe5,0x1b,0xef,0xf7,0xec,0xbe,0x3,0x91,
  0x90,0x93,0x97,0x40,0x28,0x90,0x49,0xb8,0x96,0xab,0xcc,0x75,0x31,0xd9,0xd7,0x52,
  0x80,0x8c,0x82,0x58,0xdd,0xff,0xf5,0xb1,0xdf,0xe2,0xf0,0xd4,0x30,0x3b,0x88,0x42,
  0xf7,0x8a,0x87,0xc7,0x97,0xb0,0xd2,0x82,0x80,0xc8,0x5c,0x24,0x9e,0x3a,0xfa,0x58,
  0x65,0xbe,0x3e,0x2f,0x8b,0xe,0x4d,0xb4,0xb,0x8c,0x59,0x5b,0xb6,0x94,0xae,0x2c,
  0x43,0x16,0xdd,0xcb,0x3c,0x1b,0xd9,0x3c,0x48,0x44,0xc5,0x4b,0x60,0x8e,0x18,0xcf,
  0x2c,0x59,0x6c,0x2e,0x8e,0x5f,0x94,0x87,0x87,0x8f,0x42,0x5e,0xa4,0x44,0x6,0xca,
  0xf9,0xfc,0x18,0x40,0xe4,0x28,0x57,0x21,0xc5,0xf9,0x4b,0x65,0xc2,0x5c,0xb7,0x4,
  0x35,0xf8,0xc9,0x83,0xdf,0x2d,0x33,0xeb,0x60,0xf0,0x78,0x3a,0xc,0xd2,0x55,0x20,
  0x33,0xdb,0xc8,0x40,0x5f,0x53,0x17,0x75,0x7e,0xe4,0xc8,0x3,0xf5,0x22,0x25,0xac,
  0xbc,0x59,0x49,0x42,0x91,0x6,0x43,0x85,0x43,0xf6,0x51,0xb2,0x17,0xa1,0x47,0xf7,
  0x97,0xb5,0xee,0x3f,0xb4,0x53,0x82,0x10,0x60,0x85,0x5,0x17,0xf2,0x39,0x2,0xdc,
  0x58,0x33,0x5d,0xc6,0x1c,0xad,0xf3,0xcc,0x53,0x3,0xa7,0xf0,0xb1,0xc3,0xf7,0x95,
  0x70,0x4e,0xbc,0xc7,0xd3,0x99,0x90,0xea,0xe7,0xc0,0xb4,0x71,0xae,0x9f,0x1e,0x85,
  0xc0,0x6b,0x44,0x6a,0xd,0xf2,0xdd,0x7,0xee,0xa0,0x48,0x44,0xd2,0xe1,0x84,0x42,
  0x8b,0x78,0x98,0xcf,0x25,0xa2,0x2c,0x21,0x29,0xbf,0xc9,0xd0,0x42,0xa7,0x96,0xb5,
  0x5c,0xe6,0x73,0xa5,0xb3,0xae,0x99,0xa5,0x49,0x7e,0xfc,0xc4,0xa3,0xa4,0x4f,0xd2,
  0xd,0x92,0x4b,0x6a,0xfa,0x2e,0xaa,0xc9,0xba,0xfa,0x67,0xa1,0xba,0xe8,0x62,0x60,
  0x8a,0x8c,0xfa,0x5c,0x51,0xc9,0xd8,0xea,0xab,0x3e,0xac,0xa4,0x26,0xf2,0xa2,0x9a,
  0xd8,0xbb,0x5,0x60,0x8b,0x32,0x46,0xd4,0x35,0xc5,0xbf,0x5f,0xfe,0x37,0x4f,0x2e,
  0x4d,0x5a,0xff,0x6,0xa8,0x26,0x42,0x9f,0x9d,0x78,0xba,0x19,0x52,0x6e,0xb8,0x1a,
  0xe7,0xae,0xee,0x81,0x89,0xb,0x5,0x20,0x8c,0xcd,0x4e,0xd0,0xa3,0xbd,0xf,0xd6,
  0x2d,0xc2,0xe1,0x22,0x1e,0xa6,0xef,0xa1,0xc8,0x36,0xce,0x4b,0xdc,0x99,0x55,0xfe,
  0xec,0x2b,0xf5,0xc,0x6b,0x38,0x52,0x56,0x86,0x72,0x73,0xcf,0xcd,0x32,0xaa,0xd7,
  0x8d,0x33,0x7,0xa5,0x44,0x46,0xa,0x53,0xd3,0x77,0x43,0x30,0x9,0x35,0x31,0x0,
  0xce,0x5a,0x63,0x9f,0x87,0x55,0x1,0x93,0x8a,0x56,0xae,0xca,0xb2,0xd4,0xaf,0x83,
  0x4,0x12,0xc4,0x14,0x20,0x2f,0xcc,0x2d,0xe0,0xbf,0x5e,0xfa,0x17,0x43,0x6,0xd7,
  0x58,0x76,0xe2,0xf1,0x26,0x3a,0xb3,0xa,0x75,0x2,0xdc,0x5a,0x1,0x29,0xb2,0xd6,
  0xde,0xfc,0xca,0xe,0x8a,0xe2,0x9a,0xcc,0x21,0x22,0xec,0x20,0x1e,0xac,0xc4,0xa3,
  0xe0,0x90,0x45,0x68,0x47,0x93,0xa1,0x6d,0xfb,0xae,0xbb,0x30,0xb8,0x8b,0x52,0x19,
  0x82,0x33,0x39,0x3f,0xc9,0xf,0x1f,0xbe,0x97,0x40,0xa3,0xc8,0xc,0x2c,0x95,0x71,
  0x88,0x22,0x65,0xad,0x9c,0x6b,0x49,0x20,0x63,0x60,0xf7,0x4e,0x22,0x11,0x19,0xa5,
  0xb2,0x27,0x8e,0xdc,0x8f,0x47,0x7,0x8e,0x5a,0xca,0xa5,0xde,0x50,0xf7,0x74,0x3f,
  0x4,0xba,0x38,0xe8,0x62,0x92,0xc2,0x26,0x2a,0xea,0xf7,0x26,0x17,0xaa,0xf8,0x50,
  0xef,0x3,0x51,0x81,0xec,0xc3,0x88,0x4,0xab,0xe9,0x6e,0xef,0x54,0x77,0x2f,0x65,
  0x75,0xfe,0x76,0x5f,0x2e,0x4f,0x4,0xed,0xdc,0xba,0x7b,0x87,0xac,0x8b,0x3a,0x8,
  0x4,0xc6,0xe4,0x45,0x32,0xbf,0x70,0x14,0xe8,0xf,0x11,0xb2,0x80,0x77,0x22,0x90,
  0xe3,0x20,0xbf,0xc8,0x40,0x6,0xbf,0x7b,0xfc,0x77,0x96,0xe6,0x41,0xc7,0xec,0xc4,
  0xe3,0xe9,0x9c,0x51,0x26,0xc0,0x2a,0xc,0x31,0xc9,0x1b,0xa,0x4,0xbe,0xb5,0xe7,
  0x66,0xac,0xc5,0x35,0xd9,0x4a,0x9,0x2b,0x43,0x3c,0x14,0x16,0xdf,0xc3,0x62,0x9c,
  0x5f,0xc5,0x52,0x56,0x42,0xc9,0x22,0x53,0x5e,0xf6,0xe2,0x7e,0x9a,0x23,0x8c,0xcf,
  0x8f,0xcb,0x47,0x7a,0x1f,0x44,0xe4,0x2,0xd9,0x6,0xb,0x6e,0x1c,0x65,0x9b,0x7f,
  0x7,0x16,0x12,0xe4,0x1e,0xb6,0x88,0x41,0x91,0xec,0x84,0xd6,0x5d,0xdb,0x3f,0x76,
  0x16,0x77,0x1e,0xde,0x29,0x1d,0x7c,0xc,0xef,0x77,0x78,0x3a,0x1e,0x5a,0x75,0xfa,
  0x20,0x36,0x8a,0x5a,0x59,0x81,0x8,0xa0,0x22,0x73,0x1d,0x2,0x4c,0x2f,0x56,0xf1,
  0xd6,0xdd,0x37,0xd6,0xec,0x3e,0x88,0x5d,0x3c,0x2c,0xa6,0xb9,0xfe,0x33,0x38,0x98,
  0xe9,0xa5,0x97,0xb2,0xac,0xe5,0x2b,0xbb,0x8,0x5d,0x55,0x41,0x72,0xdd,0x1e,0xfc,
  0xb7,0x67,0xff,0x90,0x64,0x1f,0x86,0x69,0xae,0x8,0xd2,0xbb,0xa4,0x8,0xd9,0x70,
  0x34,0xb4,0x46,0xc1,0x50,0xbd,0xa9,0x1a,0x6,0x3,0x64,0xb5,0x30,0x4c,0x37,0xa,
  0x86,0xc5,0x3a,0xd8,0xb7,0xa8,0x75,0x22,0x62,0x4a,0x89,0xcc,0x75,0xd7,0x41,0x83,
  0xd4,0x95,0x42,0xe2,0x1d,0x2f,0xfe,0xd,0x27,0x16,0x26,0x7c,0xd6,0xe1,0x49,0xf0,
  0x25,0x2c,0xe4,0xd5,0x2f,0x48,0xc1,0x8,0xac,0x2,0x52,0xa4,0x7f,0x6f,0xd7,0xbe,
  0xdb,0x2b,0x83,0x53,0xfd,0xb1,0x45,0x44,0x8a,0x8a,0x87,0x45,0x2c,0x2c,0xc6,0xb9,
  0xe5,0xbd,0xce,0x6f,0x32,0xb4,0xc3,0xcc,0xa5,0x97,0xb5,0xe,0xf7,0x1f,0x90,0x2f,
  0x9d,0x79,0x96,0x60,0x1d,0x24,0x1,0x83,0x94,0x8c,0x4,0x5,0xcb,0x5a,0xa2,0xd0,
  0x7a,0xca,0xbb,0x85,0x37,0xa4,0x5c,0xeb,0xea,0xa2,0xc6,0x6a,0x2d,0x2c,0x2,0xfc,
  0xf7,0xe5,0x3f,0xb3,0xcf,0x3a,0x3c,0xa,0x5f,0xc2,0xca,0x10,0x14,0xdb,0xb,0x9a,
  0xa8,0x67,0x44,0x32,0xe2,0x3f,0x3e,0xf9,0x6b,0x61,0x33,0xd3,0x15,0x16,0x6f,0x44,
  0x13,0xf,0xbb,0xef,0x61,0xc9,0x40,0xdc,0xb2,0xf,0xb,0x6e,0x99,0x43,0xf9,0xa5,
  0xad,0xb2,0xb3,0x94,0x48,0x46,0xf0,0xe7,0x27,0xff,0x90,0x79,0xbe,0x47,0x86,0xb7,
  0x61,0x35,0xc6,0x85,0x4,0xce,0x2b,0x1a,0xb1,0xcc,0xdf,0x34,0x48,0x1,0x72,0x24,
  0xec,0x6b,0x29,0x46,0x5e,0x4b,0x64,0x5e,0x38,0xfa,0x22,0x5e,0x5a,0xb8,0xc4,0x96,
  0x73,0x40,0xba,0x3c,0xeb,0xf0,0xf8,0x51,0x26,0xc,0x86,0x8,0xb4,0x12,0x7a,0x83,
  0xe1,0xc1,0x4b,0x7,0x82,0x57,0xfa,0x5e,0x8c,0x2c,0xa3,0x49,0xac,0x4d,0x85,0x44,
  0xe4,0x36,0xa1,0x37,0xfb,0xbe,0xd,0x4d,0x86,0x2e,0xe5,0x2b,0x7b,0xb4,0xbb,0xac,
  0xf5,0xc0,0xa1,0x5d,0xe2,0xf2,0xc4,0x45,0x4c,0x8b,0x86,0x64,0x8b,0x81,0x6e,0x19,
  0x63,0x62,0xa3,0xb0,0x30,0x5,0x31,0xa3,0x70,0xcf,0x4e,0x16,0x1,0xe0,0x5f,0x8f,
  0xfd,0xcb,0xb2,0x13,0xab,0x6b,0xb3,0x13,0x8f,0x2f,0x61,0x31,0x67,0x35,0xc,0x22,
  0x0,0xe4,0x89,0xcc,0x6,0x43,0x64,0xfe,0xe3,0x53,0xbf,0x86,0xb9,0xda,0x9c,0x4c,
  0xb,0x87,0xa5,0x64,0x65,0x88,0x87,0xe3,0x61,0x53,0xee,0x66,0x7a,0x6,0x96,0xde,
  0x8f,0x8e,0x20,0x73,0x8b,0x71,0x41,0x86,0x26,0xfb,0xf9,0xc6,0x97,0xaf,0x47,0x24,
  0xc9,0xd8,0x14,0xe,0xdd,0xf3,0x48,0x35,0x13,0x1a,0x3,0x11,0x11,0x91,0x91,0x1a,
  0xbf,0x17,0xae,0xd3,0x4c,0xa8,0xdf,0x23,0x9,0x43,0x38,0x2a,0x6a,0x41,0xaa,0x71,
  0x50,0x65,0x1c,0x49,0xe4,0x13,0x8e,0x88,0x29,0x5e,0xbd,0xf6,0x55,0xa0,0xf1,0x6a,
  0x48,0xfe,0x7,0x7,0x2e,0xbf,0x8,0xe7,0xe7,0xce,0x4b,0xbf,0x13,0xcb,0x73,0xad,
  0x41,0x6b,0xed,0xb8,0x32,0x3c,0xf,0x4b,0x80,0x46,0xfa,0x39,0x93,0xb,0x13,0xf8,
  0x9b,0xc7,0x7f,0x16,0x65,0x8,0x87,0x83,0x78,0x58,0x26,0xf4,0xda,0xef,0xdb,0xd2,
  0x64,0xa8,0xb2,0x8f,0x36,0xd9,0x1f,0xa5,0x95,0xb5,0xea,0xa2,0xce,0x3f,0x7b,0xf4,
  0x87,0x62,0xb1,0xbe,0x4,0x26,0xf6,0xcc,0x41,0x14,0xc9,0x36,0x18,0x39,0x4e,0xae,
  0x12,0xa,0x97,0xc2,0xf2,0x65,0x27,0xc4,0x94,0x33,0x3b,0xa9,0x55,0x96,0x38,0xb9,
  0xfe,0xe7,0xe9,0x3f,0x5e,0xbb,0x59,0x87,0xc7,0x9f,0x89,0x8e,0xe,0x5b,0x78,0xd3,
  0xa2,0x91,0x7e,0xe6,0x2b,0x67,0x5f,0x8,0x9e,0x39,0xf1,0x44,0xcd,0x6a,0xa6,0xbb,
  0x8a,0x87,0xbe,0x76,0x93,0x37,0x19,0x16,0x2b,0x5f,0xb9,0x47,0xd9,0x65,0xad,0x3b,
  0x7a,0x6e,0x12,0x27,0x87,0x4e,0x50,0x3e,0x1,0x0,0x16,0xcd,0x2c,0x5,0x6c,0x58,
  0xc6,0x98,0xd8,0xfc,0x8d,0x46,0xdf,0x47,0xec,0xe8,0x87,0x98,0x50,0x85,0x98,0x22,
  0x62,0x75,0x7f,0xa4,0xff,0x8,0x1e,0x19,0x3e,0xc2,0xd7,0x58,0xd6,0xe1,0xf1,0x1e,
  0x8,0x72,0x56,0xb3,0x20,0x58,0xb0,0xfe,0x1e,0x23,0xab,0xe7,0xff,0xe9,0xe9,0xdf,
  0x4,0xe3,0x73,0x63,0xb1,0xad,0x33,0x9d,0x88,0xc,0x8f,0xc0,0x22,0x1e,0x6d,0x2d,
  0x65,0xb9,0x77,0x78,0x77,0x7e,0x13,0xe2,0xd9,0x91,0xd3,0xf2,0xf6,0xbd,0x37,0x52,
  0xb6,0x60,0x48,0x56,0xcd,0x84,0x88,0x58,0xdc,0xb,0x91,0xc0,0xa2,0x80,0x70,0xc4,
  0x86,0x1f,0x62,0xf7,0x38,0x50,0x44,0xb9,0xd6,0xd7,0x43,0x62,0x8a,0x69,0xcd,0xb5,
  0x37,0xbf,0xf2,0xf,0x9f,0x75,0x78,0xae,0x29,0x68,0xad,0xb9,0x57,0x8,0x4,0x49,
  0x10,0x12,0xe7,0x9,0xb5,0x7e,0xad,0xf9,0x58,0x6a,0x38,0xe3,0x42,0xb4,0x8,0x3f,
  0x7f,0xe8,0xfb,0x32,0x1,0x12,0x2c,0x66,0xb9,0xe5,0xa,0x19,0xa5,0xb0,0xcd,0x5c,
  0xca,0x32,0x85,0xb1,0xfd,0xb0,0xab,0xff,0x31,0xbf,0x38,0xcf,0xc9,0x98,0x73,0x1,
  0xb2,0x51,0xf,0x55,0xa5,0x25,0x42,0x5e,0x19,0x5b,0x12,0x40,0x98,0xea,0xfd,0x8,
  0x21,0x30,0xee,0xd5,0x3b,0x88,0xd8,0xec,0x5c,0xf,0x53,0xbd,0x21,0xa1,0xfe,0x93,
  0x39,0x2b,0xab,0x29,0x1c,0x15,0x63,0xe2,0x55,0x25,0x75,0xdf,0xf8,0x7f,0x95,0xa1,
  0xe8,0xdd,0x20,0x5b,0xd6,0x11,0x19,0x12,0x35,0x86,0x75,0x38,0x7b,0xe5,0xc,0x1e,
  0x1a,0x3e,0x54,0xfc,0x94,0x4b,0x8f,0xa7,0x43,0xa1,0xb5,0xb6,0xef,0xb6,0x5a,0xc0,
  0x2,0x45,0xea,0x99,0xc8,0xcc,0x49,0x1c,0x1f,0x3c,0x4a,0x7f,0x7b,0xfe,0xf,0x75,
  0x4b,0x8f,0x47,0xd1,0x21,0x8b,0x8e,0x42,0xe2,0xde,0x64,0xe8,0x70,0xbe,0x46,0x99,
  0xe5,0x2b,0xfb,0x73,0x1d,0x11,0x42,0xc0,0x4f,0x1f,0xfb,0xae,0x1c,0x9a,0x19,0x0,
  0x60,0x60,0xa9,0x6,0x1e,0xb6,0x82,0x44,0x96,0x24,0x18,0x19,0x4b,0x2d,0x6b,0x61,
  0x80,0x1c,0xb,0x64,0x14,0x71,0x81,0x8c,0x23,0xdf,0xf3,0x17,0xa3,0x80,0x77,0x3c,
  0xfa,0x67,0x50,0xf8,0xac,0xc3,0xd3,0xed,0x10,0x32,0xaf,0xbf,0x7d,0xd7,0xc2,0xfa,
  0x7d,0x24,0xcc,0xe9,0xe7,0x3f,0x74,0xf8,0xde,0xf0,0xd1,0xa3,0xf,0xd4,0x75,0xe1,
  0x70,0x10,0xf,0x85,0x6b,0x29,0xab,0xfc,0x26,0xc3,0xee,0x80,0xf5,0xd8,0xf1,0xf2,
  0x3f,0xe3,0x7d,0xe7,0xf6,0x21,0xb4,0x82,0x14,0x2c,0x9,0x19,0x5b,0x14,0x1d,0xa1,
  0xb2,0x1b,0xc7,0xa6,0x42,0xfb,0xe,0x2c,0x3b,0x41,0x85,0x38,0x68,0xfa,0x21,0x7d,
  0x73,0x7d,0xb0,0x77,0x60,0x2f,0x43,0x6,0x3e,0x3b,0xf1,0x74,0x13,0xa4,0xbe,0xe8,
  0xf5,0x30,0xc4,0xc1,0x16,0x9,0x19,0xcf,0x49,0xaf,0x63,0x46,0xfe,0xcb,0x33,0xbf,
  0xb,0x4e,0xc,0xf6,0x46,0x9a,0x70,0x58,0x3d,0xf,0x43,0x3c,0xca,0xc8,0x40,0xdc,
  0xb3,0xf,0x68,0xe9,0xe4,0xc1,0x36,0xe0,0xfa,0xe7,0xf9,0x4a,0xdf,0x73,0x62,0xe7,
  0xfe,0xdb,0x8,0xf2,0xc2,0xc8,0x12,0x91,0x91,0xd5,0x17,0x7f,0x31,0x84,0x2a,0x51,
  0x71,0x81,0xdd,0x5a,0x2,0x19,0x83,0x46,0x63,0x21,0xe4,0x24,0x2a,0xb6,0x3,0x6b,
  0x4d,0x3f,0xe4,0xbe,0xbd,0x37,0x39,0xb,0x87,0x17,0xf,0x4f,0x27,0x40,0x16,0x21,
  0x28,0x12,0x99,0x25,0x2c,0x7d,0x55,0x72,0x1f,0xb,0x9,0x3f,0x5a,0xae,0x9b,0xf,
  0x4e,0xe,0xca,0xbc,0x27,0x15,0x5a,0xc4,0xc3,0x59,0x48,0xda,0xd9,0x64,0xe8,0x54,
  0xbe,0xca,0xc0,0xa1,0x2c,0x66,0xe5,0xf8,0x40,0xaf,0xfc,0xd9,0x23,0x3f,0x21,0x1,
  0xd9,0x48,0xd5,0x75,0x9e,0xbc,0x50,0x30,0xb4,0x0,0x4a,0xad,0x9f,0xa4,0x0,0xb1,
  0x34,0x7a,0x3d,0xac,0x42,0x43,0x41,0xc4,0x58,0x74,0x7,0x56,0x6,0x3d,0xe7,0x77,
  0xe3,0xf2,0xe9,0x85,0xd7,0x8a,0x70,0x78,0xfc,0x2e,0xac,0xec,0x6c,0xa3,0x70,0x13,
  0xa1,0xb9,0xb,0x6b,0xcd,0x67,0x4c,0xcf,0x57,0xe9,0x1b,0xbb,0xb6,0x8a,0xea,0xfc,
  0xb8,0x68,0x71,0x42,0xef,0xd5,0x2c,0x65,0xb1,0xe5,0x4b,0x3f,0x3,0x8b,0x79,0xde,
  0x81,0x47,0xe5,0x5e,0x9c,0xb8,0x28,0xbf,0x7f,0xef,0x76,0xa8,0xd7,0x97,0x56,0x8e,
  0x88,0x62,0x60,0x94,0xc8,0x21,0x25,0x57,0xc9,0x40,0xc8,0xea,0x33,0xd,0xeb,0xbd,
  0xda,0xa5,0x85,0x6c,0x94,0xb5,0xcc,0x46,0xc2,0x8c,0x7e,0x12,0xa4,0xd8,0x34,0xd1,
  0x33,0x87,0x27,0x9a,0xe3,0x49,0xae,0x3,0x85,0xd9,0x38,0x48,0xa9,0x1d,0x58,0xaf,
  0x49,0xad,0x7d,0x1d,0x34,0x99,0x3,0x78,0xf4,0xd8,0x9d,0x5d,0x2f,0x1c,0x1e,0xf,
  0xa9,0xe3,0x68,0x57,0x85,0x46,0x81,0x26,0x42,0xf3,0x39,0x4,0x6,0xea,0x8,0x76,
  0x40,0x80,0xe1,0xe9,0x21,0xfa,0xfa,0xce,0x6d,0x72,0x66,0x61,0x46,0x3a,0x88,0x47,
  0x69,0xa5,0xac,0x36,0x8c,0x7f,0xdf,0xcc,0xf0,0xc4,0xfc,0xa8,0xf8,0xe6,0xdd,0x5b,
  0x79,0x66,0x69,0x16,0x90,0x1a,0xa2,0x21,0x49,0xb2,0x52,0x83,0xa2,0x57,0x65,0xba,
  0xc3,0x7a,0x63,0x4b,0xc2,0xec,0x2b,0x92,0x28,0x38,0x5b,0x4b,0x95,0xa9,0xe2,0x46,
  0x86,0x62,0x1c,0x5d,0x6b,0xd9,0x81,0x65,0xe3,0xb5,0x8d,0x4b,0xb0,0x25,0xe0,0xc7,
  0x4f,0x3c,0xe,0x97,0xa7,0x2f,0x77,0xb5,0xcf,0xe1,0xf1,0x10,0x48,0x0,0x15,0x86,
  0x10,0x14,0xd,0x85,0xd4,0x22,0x2d,0x1c,0xcb,0xe8,0xbb,0xb6,0x96,0xe7,0x26,0xd1,
  0xf7,0x1f,0xf8,0x6a,0x5c,0x8b,0x6a,0xb2,0xc,0xf1,0x28,0x9e,0x81,0xb8,0x67,0x1f,
  0xe,0x9d,0xe7,0x5c,0x28,0x1c,0x28,0x7a,0x42,0x62,0x75,0xbe,0xca,0x5f,0xba,0xed,
  0xf3,0x30,0x31,0x3b,0x81,0xd0,0x22,0x92,0x1a,0xbd,0x20,0x80,0xb6,0xdd,0x56,0xf6,
  0x33,0x40,0x44,0x41,0xd1,0x20,0xd9,0xf0,0x43,0x48,0x14,0xeb,0xf,0xa9,0xc7,0xf6,
  0xf5,0x4a,0x34,0x16,0xa3,0x45,0xe,0xb6,0x50,0x63,0xfd,0xc,0xc0,0x33,0x87,0x9e,
  0xe1,0x6e,0xce,0x3a,0x3c,0x1e,0xd2,0xbf,0xd8,0x41,0x66,0x44,0x26,0x6a,0x4d,0xb6,
  0x68,0x64,0x9,0x87,0x5e,0xee,0x3a,0xde,0x7f,0x3c,0xd8,0xbe,0x6b,0x5b,0x3c,0x5b,
  0x9b,0x91,0xa9,0x9,0xbd,0x46,0x94,0x57,0xca,0x32,0xdf,0xeb,0x80,0x93,0xc,0x1d,
  0x86,0x32,0xe6,0xa7,0xba,0x30,0xc6,0xdb,0x77,0x7d,0x9e,0x47,0xa7,0x7,0xb0,0xc8,
  0xb8,0x11,0xa9,0xc6,0xaf,0xdb,0xb3,0x4,0xfb,0x34,0xde,0xe4,0x1a,0x14,0xf3,0x52,
  0x12,0xc1,0x40,0x19,0x73,0x5c,0xc0,0x43,0x89,0x4,0x72,0x6b,0x3b,0xb0,0x4c,0x76,
  0xed,0xde,0x85,0x53,0x53,0x53,0x5d,0x2b,0x1c,0x1e,0xf,0xad,0xf5,0x65,0x9f,0xbc,
  0xb9,0x2a,0xe4,0x3a,0x1,0x2a,0xb4,0x67,0xe8,0xa2,0xc4,0x2b,0x2f,0xd4,0xbb,0xd6,
  0x1,0x80,0x54,0xcb,0x21,0x0,0x9c,0x1c,0x3c,0x16,0x6c,0xdf,0xb9,0x35,0x9e,0x5a,
  0x98,0x54,0x12,0xc4,0x39,0xaf,0xd0,0xe,0x33,0x3d,0xc1,0xa1,0x94,0x65,0x31,0xcf,
  0x37,0xf,0x83,0x53,0xfd,0x72,0xeb,0x2d,0x9f,0xe4,0xcb,0xe3,0x57,0x50,0xfd,0xb,
  0xa3,0x40,0x92,0xc,0xc,0x8c,0x6a,0x77,0x15,0x26,0xf7,0xc8,0x88,0xc0,0x19,0x9e,
  0x87,0xf5,0x5e,0xf9,0x1f,0x98,0x3a,0x2b,0xc4,0xe6,0x81,0x84,0xba,0xe0,0x68,0xd,
  0x82,0xc5,0x8c,0x74,0x4d,0x8,0xac,0xc2,0xb1,0xc4,0x4b,0xf1,0xfa,0xeb,0xa7,0x97,
  0x5f,0xfb,0xab,0xfb,0xb9,0xdb,0xcd,0x74,0x8f,0xdf,0x85,0xa5,0x42,0x35,0xa6,0x73,
  0x2b,0xa1,0x7e,0x7f,0xad,0xc9,0xbc,0xfa,0x89,0x85,0x4a,0x44,0x92,0xf7,0x95,0xda,
  0xc0,0x32,0xe7,0x46,0xcf,0x6,0x5f,0xd9,0xf9,0x59,0x51,0x9d,0x9f,0x10,0x5,0x44,
  0xa4,0xc0,0xb9,0xe9,0x25,0xf6,0x85,0xd8,0xb7,0xc4,0x96,0x50,0xca,0x2a,0xb7,0xdf,
  0xa3,0xbf,0x7a,0x49,0x7c,0xe5,0x8e,0xcf,0xf1,0xd8,0xec,0x78,0x43,0x2c,0x10,0x1a,
  0x59,0x5,0xc1,0xca,0x48,0x12,0xca,0xf4,0x38,0xec,0x84,0x8d,0x4e,0x24,0xe5,0x65,
  0x48,0x44,0x86,0x40,0x7d,0x56,0x6c,0x20,0xa3,0x8,0x1a,0x6,0xba,0x72,0xcc,0x93,
  0xab,0xd,0x92,0xc4,0x51,0x80,0x4c,0x22,0x62,0xd8,0x62,0x9c,0x3c,0x68,0xd9,0x81,
  0x65,0xe1,0xd,0x8d,0xcb,0xce,0xa7,0x76,0x42,0xb7,0xa,0x87,0xc7,0x43,0xd9,0x73,
  0xa9,0xdc,0x4f,0xe5,0x4b,0xbf,0x87,0x0,0x9c,0x84,0xbe,0xb5,0x57,0xed,0x1b,0x86,
  0x24,0x18,0xb8,0x7f,0xfc,0x32,0x7d,0xe9,0x8e,0x4f,0xc9,0x2b,0xd5,0x4b,0xb1,0x4d,
  0x3c,0x6c,0xd9,0x88,0x4b,0x29,0xab,0xac,0xec,0x63,0x23,0xcd,0x73,0x87,0xf2,0x95,
  0xcd,0xff,0x80,0xde,0xfe,0x43,0x72,0xdb,0x1d,0x9f,0x86,0x89,0x45,0xe5,0x79,0xb8,
  0x23,0x35,0xff,0x3,0x9,0x59,0x4a,0x60,0x68,0x1,0x35,0xbd,0x57,0x95,0xb7,0xa,
  0x1b,0xe8,0xcd,0xfe,0x10,0xc8,0x9,0x35,0x4f,0x21,0xac,0xab,0x8c,0xc3,0x42,0xf8,
  0xaa,0x80,0xe7,0x6b,0x1,0x87,0xb5,0x39,0x3e,0x3f,0x79,0x0,0xfa,0xaa,0x7d,0x5d,
  0x29,0x1c,0x1e,0xf,0xd9,0xbe,0x0,0xb,0xa,0xb,0xaf,0x25,0x1a,0x56,0xe1,0x48,
  0xe0,0xe6,0x7a,0x4,0x1e,0x9d,0x19,0xa6,0x2f,0xdc,0xf6,0x9,0xec,0x39,0xff,0x62,
  0x94,0x21,0xa,0x6d,0x31,0xd3,0x1d,0xb3,0xf,0xe8,0x94,0xe3,0x71,0x1f,0xe9,0xbd,
  0x5f,0x7c,0xfb,0xee,0x2f,0xe1,0xfc,0xe2,0x2c,0x42,0x41,0x50,0xeb,0xff,0x90,0xca,
  0xff,0xb0,0x77,0x9b,0xdb,0x5,0x23,0x10,0xac,0xc,0x74,0x50,0x38,0x19,0xe8,0x76,
  0xea,0xc6,0x29,0x84,0x36,0x23,0x9d,0x38,0xa8,0x7,0xc6,0xfa,0x47,0xf7,0x3c,0xda,
  0x95,0xc2,0xe1,0xf1,0x90,0xf6,0x5,0x9f,0xf6,0x3e,0xb8,0x85,0x0,0x32,0x44,0xc3,
  0xec,0x9,0x21,0x64,0xa6,0x24,0x52,0x3e,0x8,0x22,0xb0,0x5a,0x5b,0xab,0x2f,0xc2,
  0x4f,0xee,0xff,0x16,0xdd,0xdc,0xb3,0xa3,0x66,0x11,0x8d,0x42,0x87,0x4d,0xb9,0x66,
  0x20,0x9,0xe,0x4d,0x86,0x9b,0xba,0x94,0x15,0x45,0x11,0xfc,0xe7,0xc5,0xbf,0xc7,
  0x7f,0x79,0xe6,0x57,0x14,0x89,0x8,0x12,0x82,0x66,0xa8,0x52,0x51,0xc8,0xca,0xf3,
  0x68,0x94,0xb4,0x42,0x46,0x46,0xbd,0xff,0xc3,0xea,0x79,0xd8,0xef,0xd5,0x81,0x54,
  0x2a,0xc3,0xc8,0xf2,0x3c,0xec,0x53,0x7c,0x63,0x26,0x42,0x36,0x7b,0x40,0xb2,0xef,
  0x49,0x44,0x4c,0x89,0xd8,0x8,0xe2,0x57,0xa5,0x7b,0x42,0x2c,0x3b,0xb0,0x20,0x83,
  0x3d,0x7d,0x8f,0x76,0xa5,0x70,0x78,0x3c,0xa4,0x8f,0x5c,0x67,0x0,0xce,0xa,0xd0,
  0xc8,0xbd,0x96,0x91,0xf5,0xe7,0xaf,0x65,0xae,0xeb,0xbd,0x26,0xea,0x77,0x54,0x26,
  0xc2,0x0,0x70,0x7b,0xcf,0x7f,0xc3,0x5f,0x3f,0xf6,0xc3,0xfa,0x52,0xbc,0x24,0xb,
  0x88,0x87,0x55,0x2c,0x4a,0xca,0x40,0xcc,0xec,0x23,0x83,0x8d,0x35,0xcf,0xdd,0xcb,
  0x57,0xd3,0xb,0x93,0xf2,0x5b,0xf7,0x7e,0x31,0xbe,0xe7,0xc0,0x2d,0x24,0x25,0x34,
  0xc4,0x5e,0xef,0xf5,0x48,0xde,0x2b,0x1,0x94,0x2b,0xbd,0x1c,0x32,0xb9,0x72,0x8b,
  0x65,0x2d,0x11,0x33,0x6,0xea,0x70,0xaa,0x82,0x6,0x7a,0x53,0x30,0x28,0xcc,0xff,
  0x7b,0x89,0x81,0x6e,0xec,0xc0,0xca,0xa0,0x5a,0xad,0xc2,0xcb,0xa7,0x5f,0xee,0x3a,
  0xe1,0xf0,0x78,0x48,0x6b,0x29,0x67,0x3d,0xd2,0xad,0xe3,0x46,0x3,0xa1,0xd9,0x92,
  0xce,0x6b,0x3d,0x3,0x89,0x59,0x85,0x6e,0xb0,0x37,0x53,0x1c,0xe6,0xa6,0xb1,0xae,
  0x37,0x1f,0x62,0xf3,0x3d,0x75,0xdc,0xee,0x33,0x27,0x9f,0xc,0x3f,0x7d,0xf3,0xfb,
  0xc5,0xc9,0xa1,0x63,0xd1,0xc6,0x35,0x15,0x16,0xcf,0x40,0x98,0xb9,0xec,0x26,0x43,
  0xce,0x8c,0x12,0x39,0x74,0x79,0xaf,0xf8,0xcc,0xad,0x1f,0xe2,0x63,0xfd,0x47,0x8,
  0xc0,0x62,0x8a,0x53,0x7e,0xb3,0x5c,0x7d,0xa6,0x8e,0xa9,0x15,0xd8,0x14,0x8b,0x24,
  0xd0,0x72,0xc6,0x87,0xa5,0x89,0x50,0x68,0xe3,0xdb,0x45,0x86,0x9f,0x61,0x18,0xea,
  0x5b,0x56,0x1b,0xe8,0x8d,0xc9,0xbc,0x11,0x43,0x16,0xaf,0x32,0x53,0xf,0x8a,0x12,
  0xe1,0x58,0x62,0xc8,0xc3,0x1b,0x1,0x2a,0x4b,0x21,0xcf,0xbc,0x3a,0xe4,0xa7,0x7a,
  0x9f,0xea,0x5e,0x23,0xdd,0xe3,0xfb,0x40,0x54,0xe8,0xd9,0x43,0xa1,0xd0,0x48,0x3d,
  0xcf,0xf8,0xf,0x43,0xcb,0x54,0x94,0xf0,0xa4,0x4c,0x76,0x6e,0x6,0x80,0xea,0x1b,
  0x19,0x99,0x1e,0xa6,0xaf,0xdd,0xf5,0x85,0xe0,0x96,0x3d,0xd7,0xd7,0x4,0xb,0x28,
  0xd2,0x17,0xe2,0x9a,0x81,0xb8,0x67,0x1f,0xee,0xe3,0xdf,0xcb,0x28,0x63,0xd5,0xa2,
  0x1a,0xec,0xe8,0xf9,0x47,0xfc,0xed,0x7b,0xbe,0x4a,0xd5,0xb9,0x2a,0x42,0x8b,0xa8,
  0xf2,0x15,0x4a,0x60,0xa9,0xcd,0xbf,0x12,0xac,0x4a,0x50,0xee,0xc4,0xba,0xbf,0x22,
  0x45,0xcb,0x59,0x4a,0x6c,0x18,0xe8,0x76,0x28,0x26,0x4e,0xa2,0x5e,0x21,0x6,0x85,
  0xd5,0x48,0x9f,0xe3,0xb0,0xb6,0xe2,0x87,0x1c,0x1f,0x7b,0xe,0x46,0x60,0xa4,0xab,
  0x85,0xc3,0xe3,0x77,0x61,0x1,0x22,0xb3,0x6b,0xc0,0xa,0x5c,0x4c,0x38,0x12,0x52,
  0x4d,0x87,0xd8,0x88,0x86,0x29,0x1b,0xf3,0x6d,0x3d,0x3b,0xc2,0xe5,0x19,0x5a,0xf5,
  0xa1,0xe9,0x21,0x51,0x5e,0x29,0xcb,0x7c,0x8f,0x99,0xd9,0xb2,0xae,0xad,0xe3,0xdf,
  0x8b,0x96,0xaf,0xce,0x8f,0xf6,0x89,0x6d,0x77,0x7d,0x22,0xde,0xb9,0xef,0x56,0x92,
  0x2c,0x9b,0x53,0x72,0xb9,0xb1,0x33,0x8a,0x54,0x5f,0x7,0xb2,0x6c,0x7a,0x1d,0xd8,
  0xec,0xef,0x90,0xc9,0x95,0xa4,0x3a,0x2c,0x2a,0xf9,0x94,0x61,0x83,0x51,0x27,0x10,
  0xa2,0x65,0x2,0xaf,0xd,0x12,0xc8,0x71,0xb3,0xac,0x45,0x45,0x45,0x23,0x44,0xae,
  0x27,0xc2,0x51,0xa9,0x31,0xe4,0x24,0x31,0xd0,0xd5,0xe,0x2c,0x48,0x31,0x36,0x36,
  0x6,0x47,0x7a,0x9f,0xb8,0x36,0x84,0xc3,0xe3,0x77,0x61,0x21,0x0,0x14,0x9,0x4b,
  0xd7,0x38,0xab,0x67,0x12,0x20,0x27,0xa1,0x1b,0xf5,0xa8,0x84,0x23,0x89,0x4,0x6e,
  0xae,0x45,0x68,0xac,0x6b,0x9a,0xef,0x2b,0x9d,0xeb,0x47,0x82,0x4f,0xdf,0xf4,0x3e,
  0xb8,0x65,0xf7,0xf5,0xf5,0x7a,0x5c,0xe3,0xd,0x6c,0x2a,0x64,0x15,0xa6,0x57,0xa1,
  0xe3,0x9e,0x7d,0xb4,0x6b,0x48,0x62,0x62,0xf6,0xfe,0xfd,0xc5,0x3f,0xc4,0xdb,0xee,
  0xf8,0x4,0x5e,0x19,0xbf,0x40,0x94,0xaa,0x42,0x99,0xf7,0x8a,0xe2,0xc6,0x78,0x90,
  0xba,0xf,0xd7,0xf1,0x3f,0x50,0x89,0x16,0x49,0x2e,0xd0,0x38,0x68,0x34,0x11,0x92,
  0x7a,0x5e,0x10,0x73,0xc6,0x20,0xc5,0xcc,0xfb,0x48,0x33,0xd0,0xc1,0x82,0x3e,0x48,
  0x31,0x50,0x23,0x4c,0x2c,0x3c,0x79,0xa4,0xd7,0xfc,0x67,0xeb,0xf1,0x74,0x43,0x6,
  0xa2,0x22,0xc3,0xf3,0xb0,0x86,0xfa,0xbd,0xac,0x2f,0x3c,0x44,0xe4,0x24,0x52,0x6b,
  0x40,0x4d,0x7a,0x4f,0xfb,0x23,0xa8,0x7b,0x23,0x4,0xc0,0x29,0x5f,0x24,0x16,0x75,
  0xb8,0x7d,0xf7,0xf5,0xe1,0xa7,0x6e,0xfe,0xa0,0x38,0x78,0x65,0x4f,0x54,0xa0,0xa9,
  0x10,0xec,0x9e,0x88,0xfb,0xbc,0xac,0xe2,0xbb,0xb2,0xca,0x2f,0x65,0xed,0xbd,0xd4,
  0x23,0x3e,0x79,0xd3,0x7b,0xf9,0xe1,0xc3,0xf7,0x4,0x12,0x22,0x50,0x64,0x7a,0x1d,
  0x76,0xcf,0x23,0xdb,0x2f,0x69,0x7a,0x1d,0x12,0x57,0xca,0x4e,0x42,0x95,0xb7,0x9a,
  0x19,0x8d,0xe1,0x6d,0x14,0x69,0x22,0xc,0x1b,0xe6,0x77,0x12,0x82,0xe2,0xdc,0x65,
  0xa9,0xf4,0x0,0xc5,0x28,0xaf,0x81,0xfe,0xea,0xd5,0xca,0x51,0x6b,0x1a,0xe8,0xc9,
  0xe,0x2c,0x58,0x8f,0xb7,0x0,0x28,0x4e,0x2f,0x3e,0xdb,0x55,0xa2,0xe1,0xf1,0x90,
  0xfa,0x62,0x7,0x5,0xbb,0xbc,0x4c,0xc1,0x50,0xb1,0xf2,0xec,0x94,0x70,0x34,0x30,
  0xfa,0x46,0xf4,0x12,0x17,0xa7,0xca,0x5b,0xa8,0xed,0xde,0x1a,0x99,0x1e,0xc4,0xef,
  0xdc,0xfd,0xd5,0xe0,0xc7,0xf,0x7f,0xab,0x7e,0x65,0xf2,0xb2,0xb0,0x64,0x23,0x85,
  0x33,0x10,0xcb,0xb6,0x5d,0x7b,0xf6,0x61,0x96,0x97,0x4a,0x2d,0x65,0xad,0x55,0xbe,
  0x3a,0x3b,0x72,0x22,0xde,0x7e,0xf7,0xe7,0xe2,0x1f,0xdd,0xbf,0x1d,0x27,0x17,0x26,
  0x80,0x59,0x32,0x68,0x5f,0xe4,0x92,0x92,0x2b,0x33,0xa8,0xfb,0xe6,0x15,0x50,0xb2,
  0x64,0x25,0x0,0xaa,0x64,0xb5,0x52,0xbe,0x42,0x6,0x96,0x98,0x7a,0x56,0x21,0x8f,
  0xa2,0xf8,0x9,0x84,0x2a,0x6b,0xb1,0xc,0x53,0xb4,0xcc,0xba,0x22,0x46,0xd1,0xec,
  0x40,0x2f,0x0,0xfd,0x5f,0x34,0xf4,0x43,0xa4,0xec,0xcc,0x2c,0x86,0x5c,0x59,0x9c,
  0xe2,0x2d,0xaf,0xd,0x18,0x86,0x0,0x7a,0xfa,0x7b,0xc0,0xe3,0xe9,0xc2,0x59,0x58,
  0xc8,0xe9,0x80,0x2,0x64,0xfe,0x2e,0x3,0x67,0x8,0x87,0xc2,0xf0,0x41,0x74,0xe1,
  0x58,0x4f,0x3c,0xf4,0x2d,0xbf,0xbb,0xfb,0x5e,0xc,0x3f,0x73,0xf3,0x7,0xf0,0x27,
  0x8f,0x7c,0x3b,0x1a,0x9a,0x1a,0x8c,0x37,0xa2,0xa9,0x30,0x21,0x8f,0x99,0x4e,0x44,
  0xec,0x92,0x7d,0x94,0x55,0xca,0xba,0x52,0xbd,0x28,0x7f,0xf6,0xe8,0x77,0xe3,0x2f,
  0xdf,0xf9,0x19,0x3a,0x36,0xd8,0x4b,0xd0,0x1,0xa8,0xad,0xc3,0x96,0x13,0x8,0xb,
  0x1f,0x2e,0x85,0x22,0xce,0xf2,0x41,0xec,0x6,0x7a,0xc5,0xe8,0x42,0xb7,0x92,0x18,
  0xe8,0x95,0xd7,0x84,0xc,0x29,0x76,0xf7,0xec,0xb6,0xff,0x73,0xf6,0x78,0x3a,0x4,
  0x4a,0x67,0x10,0xba,0xaf,0x41,0x88,0x9c,0x37,0xd4,0xef,0x64,0x65,0x24,0xaa,0xeb,
  0x1c,0xcd,0x26,0x45,0x40,0xd3,0x58,0x4f,0x68,0xae,0x65,0x4e,0x2,0x19,0x18,0x35,
  0x53,0x9d,0xb8,0xe9,0xa3,0x20,0x30,0xaa,0xaf,0x7b,0x29,0xa0,0xe7,0xec,0xf3,0xc1,
  0xa7,0x6f,0x79,0x1f,0xfc,0xf3,0x85,0x3f,0xd5,0x1d,0x26,0xf4,0xba,0x1d,0x3e,0x55,
  0x3c,0xfb,0x60,0x3d,0x5c,0x7b,0x3f,0xe2,0xb8,0xce,0xbf,0x7c,0xfc,0xfb,0xf1,0xe7,
  0x6e,0xfb,0x30,0xbe,0xd2,0xf7,0x3f,0xf6,0xae,0x32,0xcc,0x91,0x24,0xc7,0x4a,0xca,
  0x74,0x41,0xc3,0x4c,0xf7,0xc0,0xd2,0xcc,0x31,0x33,0xc3,0xbf,0x63,0x66,0x66,0xfa,
  0x7b,0xcc,0xcc,0xcc,0x4c,0xf4,0xf3,0x98,0x79,0x66,0x6e,0xf7,0x98,0x61,0xf6,0x18,
  0x87,0x8f,0x79,0xa1,0xbb,0x8b,0x9c,0x19,0xba,0x8a,0xa,0xeb,0xb3,0x1c,0x91,0x61,
  0x39,0x1d,0x2e,0x4f,0x43,0xbc,0x5a,0xb5,0xd3,0x9,0x51,0x75,0xb0,0xf9,0xbe,0xa7,
  0x17,0x92,0x7e,0xa3,0x1,0x70,0x6b,0xfb,0x1c,0x8d,0xe1,0x91,0x18,0x9e,0x48,0xe2,
  0x81,0x88,0x52,0x41,0xd5,0x8a,0x24,0x7c,0xfa,0xf3,0x8e,0x6d,0xcf,0x23,0xc5,0x24,
  0x2e,0x20,0x54,0xed,0x4a,0x76,0xc0,0x86,0x1e,0x26,0x25,0xe9,0x2c,0x1a,0x69,0xa0,
  0x4b,0xb,0x13,0x4f,0x1c,0x7e,0x7,0x16,0x64,0x90,0x28,0x90,0x5b,0x98,0x34,0x2a,
  0x2a,0x48,0xb7,0x13,0x91,0xdd,0x4f,0x25,0xa1,0x9,0x43,0x45,0xaa,0x32,0xd2,0x5d,
  0x59,0x69,0x3a,0x4b,0x6f,0xe5,0x55,0x26,0x3a,0x32,0xaa,0xef,0x6a,0x6e,0x8,0x6,
  0x92,0xe9,0xbb,0x29,0xfe,0xc6,0xdf,0x3d,0x4c,0x25,0xa,0x84,0x99,0x2d,0x22,0x81,
  0x54,0x7d,0xd8,0x2f,0x85,0x6d,0xec,0xca,0x7a,0xf9,0xf4,0xe5,0xee,0x77,0xfe,0xe1,
  0x37,0xc8,0x71,0xa7,0x77,0x4f,0xcd,0x52,0x54,0x6e,0x31,0x4d,0x45,0x33,0xe2,0x41,
  0x88,0xee,0x75,0x81,0xb0,0x55,0x15,0xba,0xbf,0x22,0x5b,0x75,0xa5,0xfb,0x6e,0xaf,
  0xd2,0x57,0x48,0xaa,0x7d,0x89,0x5a,0x4b,0xd2,0x4e,0xa2,0x18,0xcb,0xa1,0x4d,0xf3,
  0x8e,0xbd,0xca,0x8,0xc7,0xeb,0xad,0x4f,0x6d,0x48,0x67,0x4d,0x47,0x2a,0x14,0x31,
  0xd0,0xf,0x55,0xb,0x13,0xb,0xff,0x72,0xfa,0xf3,0xf8,0xe3,0x8f,0xdf,0x16,0x6a,
  0xa3,0xa2,0x82,0x44,0x6f,0xc,0x8e,0xa6,0x25,0x80,0x15,0x62,0xf0,0x59,0x59,0x77,
  0x21,0xad,0x15,0x5a,0xf0,0xb2,0x44,0xf8,0xf5,0xc8,0xa0,0xcd,0x75,0xd5,0xf2,0x3d,
  0x1c,0x10,0x3,0x11,0x0,0x11,0x3,0x12,0xa0,0x4c,0x3a,0x6c,0xa4,0x9b,0xaf,0xff,
  0xc,0x15,0x8b,0x28,0xf7,0x9e,0xdd,0x83,0x6b,0xf7,0xc7,0xf2,0xd8,0x74,0xbf,0x2c,
  0x8f,0x6d,0xa5,0xb2,0x6e,0x1c,0xde,0x98,0xc9,0x8a,0x6,0x80,0x68,0xf6,0xa9,0x34,
  0x41,0x43,0x5a,0x1e,0xa4,0xf7,0x34,0x73,0xad,0xb1,0xd8,0xf4,0x90,0xd4,0x33,0xb2,
  0x56,0x23,0xcf,0xa4,0x9a,0x45,0xd0,0xb6,0xb3,0x7b,0xf5,0xfa,0x6d,0x2a,0x2b,0xf4,
  0x73,0xed,0xfc,0x59,0xa4,0xc5,0x6d,0xbd,0xbd,0xd3,0xb5,0x1c,0x13,0xf9,0x50,0x9f,
  0x13,0x31,0xc9,0x15,0x76,0x92,0x19,0xe8,0xd3,0x46,0xf7,0xba,0xda,0xcd,0x38,0xe7,
  0x31,0x2e,0x24,0x6,0xba,0x8d,0xfb,0xc1,0xe3,0x7f,0xee,0xda,0xe1,0xdd,0x97,0xef,
  0xf2,0x43,0x8f,0x3d,0x4,0x15,0x15,0xb7,0x89,0x89,0xe,0xac,0x3,0x34,0x78,0xc5,
  0x1f,0x85,0xcc,0x7a,0xba,0x89,0xa2,0x56,0x28,0x89,0xb9,0x2e,0xcf,0x88,0x74,0x49,
  0x15,0x89,0x56,0x1e,0xe1,0x53,0xcf,0xa0,0x0,0x16,0xd5,0x82,0x9b,0x1b,0x36,0x65,
  0x1b,0xe7,0x70,0x4e,0x3b,0xb3,0x60,0x9d,0x99,0x22,0xd7,0x8f,0xaf,0x39,0x60,0x64,
  0xb8,0x45,0x80,0x24,0xf5,0x25,0x7d,0x4a,0x12,0x5d,0x57,0xbe,0x7e,0x4f,0x81,0x30,
  0x64,0x6,0xfa,0x48,0x84,0x7a,0x90,0x40,0x1a,0xb4,0x73,0x34,0xea,0xf9,0xc9,0xe1,
  0x84,0x77,0x2e,0xfe,0x1f,0xef,0xde,0x98,0xb0,0x9c,0x7b,0xec,0xf1,0xc7,0xa0,0xa2,
  0xe2,0xb6,0xea,0x85,0xa5,0x9,0xa0,0x20,0xb2,0x95,0xec,0xd2,0x44,0x31,0xdf,0x48,
  0x51,0x9e,0x47,0x1f,0xda,0x2b,0x11,0x1f,0x44,0xd4,0x8d,0xd0,0x4d,0xf0,0x41,0x12,
  0xf2,0x8,0x6b,0x11,0xf2,0x5a,0x2d,0x4e,0x98,0xf9,0x59,0x1e,0x3e,0x55,0x9e,0xca,
  0xba,0x3e,0xbd,0x1,0x8d,0xf2,0x1b,0x0,0x67,0x83,0x9f,0x58,0x66,0x90,0x3b,0x46,
  0x42,0x96,0x61,0x50,0x8d,0x3f,0x2f,0x29,0xab,0x71,0x3e,0x47,0xaa,0x37,0x28,0x34,
  0x5a,0xd4,0x69,0x2d,0x74,0xc0,0x40,0x8e,0x75,0xa7,0x5e,0x21,0xb,0x1f,0xb2,0xce,
  0xb8,0xba,0x8f,0xbc,0x7,0x42,0x4d,0x17,0x76,0x59,0xb9,0x50,0x48,0x98,0xab,0x1,
  0xd9,0x85,0x3c,0x7c,0xd5,0x39,0x75,0xc7,0x67,0xc4,0x21,0x3a,0x64,0xac,0x81,0x3e,
  0x39,0x6c,0x19,0x6,0xf0,0x38,0x3c,0x5e,0xb,0xa,0x2b,0x6e,0xb,0x90,0xd9,0xba,
  0x64,0x5,0x2c,0x7b,0x2e,0x3f,0xa1,0x30,0x6d,0xa4,0xb8,0xb4,0x32,0x5d,0xee,0xe1,
  0x45,0x1f,0x84,0x13,0xf2,0x18,0x5f,0x54,0x38,0x26,0x75,0x65,0x6f,0xdb,0x2d,0x57,
  0x1f,0x6b,0x99,0xe7,0xa,0x7,0xc7,0xd7,0xb9,0x40,0x93,0x32,0x3a,0x51,0x4,0xe2,
  0x79,0x8,0xd9,0xc4,0xfe,0x49,0xf0,0x37,0x9c,0x90,0x82,0x3,0x86,0xad,0x40,0x17,
  0xd,0x76,0x9e,0x24,0x8c,0x19,0x1f,0x36,0xa6,0xcd,0x9,0x6b,0x3,0x1d,0x4,0x23,
  0xd,0xf4,0x1b,0xca,0x40,0xcf,0xe3,0x31,0xf8,0xc9,0xbf,0xfd,0xc9,0xdb,0x8b,0x38,
  0x2a,0x6a,0x2f,0x2c,0x89,0x78,0x4e,0xad,0x15,0xfa,0xfe,0x64,0x2d,0x41,0xe4,0xab,
  0x68,0xe2,0xd0,0x3e,0x48,0x20,0xe,0x6d,0xc2,0x2b,0x92,0x0,0x8,0xf7,0xc,0x16,
  0x17,0x2a,0xf2,0xd0,0x6b,0xcb,0x7a,0x1b,0x4c,0x65,0x11,0x51,0xf9,0xf0,0xa9,0xcd,
  0x2b,0xf,0x96,0x38,0x98,0x1e,0x84,0x97,0x3c,0x6,0xf5,0x31,0xae,0x58,0xb0,0xa0,
  0x89,0x62,0x93,0xfb,0x1c,0xd9,0x30,0x51,0xd0,0x75,0xf3,0x6d,0xbd,0x32,0xb9,0xb0,
  0x99,0x35,0x4f,0x6c,0xc1,0x40,0xd2,0x44,0x31,0x69,0x73,0x32,0x6d,0x89,0x49,0xa7,
  0xb5,0xf6,0xc0,0x84,0x6e,0xe1,0xbe,0x92,0x81,0x7e,0x3f,0x24,0xb8,0xf4,0x7f,0xbb,
  0xfc,0x92,0xc3,0x97,0xdc,0x46,0xc4,0x51,0x51,0x47,0xda,0x2a,0x20,0x33,0xaf,0x1b,
  0x9a,0x30,0x74,0xc4,0x3b,0xbc,0x34,0x71,0x48,0x7d,0x7,0xb2,0x9c,0xe7,0xb4,0xe,
  0x44,0x7c,0x90,0x65,0xc5,0x85,0x18,0x82,0x19,0x47,0xa7,0xaf,0x98,0x79,0x13,0xdb,
  0x79,0x6f,0x8a,0x7e,0x59,0x37,0x8e,0xaf,0x83,0x86,0xe3,0x79,0xe1,0x9f,0x27,0x14,
  0x66,0x94,0x5d,0x57,0xd2,0xef,0x2a,0xa4,0xb6,0xce,0x59,0x45,0x38,0x95,0xbe,0x9a,
  0x77,0xd3,0x85,0x33,0x52,0x70,0xba,0xad,0x89,0x74,0xd8,0x2d,0x84,0x9e,0xf1,0x81,
  0x3d,0x72,0xd7,0x12,0x8b,0x81,0xe,0x6b,0xc0,0xfb,0x1f,0xc7,0x53,0x92,0xb6,0x25,
  0xa3,0x20,0x6,0xfa,0xfe,0x3d,0xff,0x72,0xf6,0xec,0xa3,0x8f,0x3e,0xa,0x15,0x15,
  0xb7,0x3a,0x28,0xfb,0xc2,0x97,0x30,0x60,0x3c,0x97,0x21,0x8d,0x3c,0x71,0x68,0xf2,
  0xd0,0x2f,0x4e,0x4,0x64,0x83,0x3c,0xb4,0x79,0xe,0xc4,0x68,0x90,0x47,0xea,0x7b,
  0x8c,0x4c,0x5d,0x95,0xf,0x9f,0x2a,0x37,0xd2,0xd3,0xc6,0x89,0x21,0x85,0xb5,0x81,
  0x17,0xbd,0x4b,0xb6,0xff,0xca,0x8e,0xac,0xe0,0x9f,0x44,0xe9,0x2b,0x84,0xb0,0xa5,
  0x57,0x79,0x1d,0x4e,0xfc,0x29,0xe,0xe7,0xb6,0x91,0xd6,0xea,0xc5,0xff,0x68,0x30,
  0x6c,0xef,0x6d,0x88,0x41,0x61,0x74,0xe5,0x79,0x47,0x2c,0xbb,0xae,0x60,0x24,0x5e,
  0x7e,0x69,0xc2,0x3b,0x7,0xca,0x40,0x57,0x78,0x14,0x2a,0x81,0x54,0xdc,0xfa,0xa0,
  0x4c,0x2d,0x87,0x4d,0x10,0x12,0xa,0xcb,0xd6,0xd2,0xa4,0x91,0x27,0xe,0x5b,0x75,
  0xf0,0xfc,0x43,0xdc,0x96,0x84,0x3c,0x0,0x97,0x13,0x46,0xce,0xf7,0x18,0x93,0xba,
  0x5a,0xd3,0xff,0x28,0x37,0xd2,0x6d,0xf0,0xc1,0xf4,0x7a,0x48,0x5f,0xb1,0xe3,0x5,
  0xf5,0x71,0x1b,0x40,0x94,0xb,0xb9,0x52,0xff,0x23,0x5,0x75,0xc1,0xff,0x10,0x3,
  0x1d,0x46,0xc2,0xfb,0x1f,0x96,0x81,0xae,0xf1,0x9b,0xbf,0xf9,0x9b,0xa0,0xc0,0x50,
  0x51,0x71,0x8b,0x81,0xf4,0x8b,0x5d,0x50,0x56,0x44,0xa8,0x9,0x23,0x55,0x1b,0x6,
  0x71,0x8c,0x53,0x1d,0x1e,0x19,0xf2,0x60,0xb4,0xdb,0xbb,0x7b,0xc,0x9d,0x2f,0x4f,
  0x65,0x95,0xab,0x8f,0x51,0x6d,0xdb,0x23,0x1c,0x1e,0x65,0x14,0xc8,0xa,0xe9,0x2b,
  0x51,0x1f,0xb0,0x65,0xc4,0xe9,0xab,0xc4,0xff,0x70,0xbd,0x22,0x89,0x72,0x68,0xff,
  0x63,0xda,0x9d,0x30,0x19,0xb3,0x3e,0x8c,0x16,0xee,0x6a,0xf6,0x87,0x9,0xdd,0xe2,
  0xfd,0x96,0x2e,0x28,0xac,0xa8,0x20,0x10,0x3,0xbc,0x41,0xce,0x6,0x1,0xe8,0x18,
  0xf3,0xcc,0xc2,0x16,0x5f,0xd2,0xe6,0x38,0xeb,0x5d,0x58,0x49,0x97,0x5e,0xe9,0xdc,
  0xab,0x89,0x45,0x4c,0x75,0x9c,0x9b,0xf1,0xe1,0x1e,0x31,0xf2,0x51,0x9e,0xd,0x94,
  0xb6,0xc9,0x61,0x53,0x44,0xb4,0xf6,0x1c,0x75,0xe3,0xfc,0xc6,0x27,0x19,0xbe,0xec,
  0xf0,0x3a,0x0,0x3b,0x36,0xc,0xf3,0x4,0xfa,0x5e,0x44,0x4f,0x26,0x33,0xb2,0xa1,
  0x81,0xf4,0x15,0xf6,0xec,0xa2,0xe9,0x82,0xd9,0xf4,0x15,0x81,0xdc,0x1b,0xfc,0xf,
  0x4a,0xfd,0x8f,0xc4,0x54,0x1f,0x63,0x92,0x4f,0xc,0xff,0xa3,0x99,0xf9,0x1f,0x4d,
  0xf0,0x3f,0xa8,0x47,0x73,0xa,0x61,0xde,0x3c,0xf7,0xe9,0xac,0x86,0x9b,0xdd,0x60,
  0xa0,0x83,0x89,0xd4,0x40,0x7f,0xf2,0xf9,0x7b,0x7c,0xf9,0xdf,0x2f,0xf3,0x4f,0xc2,
  0x4f,0x42,0x45,0xc5,0xad,0xc,0x1a,0xda,0xbc,0xb,0x11,0xb2,0xbb,0xaf,0x22,0x64,
  0xd7,0xd2,0x3a,0x25,0x40,0x88,0x23,0x29,0x24,0xd4,0xcd,0x18,0x39,0x52,0x2a,0x51,
  0x2b,0x14,0x29,0x38,0x94,0x35,0x14,0x79,0x80,0x49,0x1e,0xb6,0xef,0x61,0xa7,0xae,
  0x8c,0xe,0xbe,0xcf,0x5a,0x91,0xe1,0xa1,0xb,0xa,0xc4,0x11,0x30,0xaa,0x17,0xf9,
  0x19,0xd1,0xfa,0x9f,0xdb,0xc,0xa2,0x5c,0xca,0xfd,0x8f,0x14,0xe2,0x7f,0x88,0x81,
  0xe,0x23,0xe1,0xfd,0x8f,0xc8,0x40,0xaf,0xa8,0xb8,0x6d,0x40,0xe9,0xcb,0x5d,0x88,
  0x60,0x7c,0x80,0x20,0x43,0x1a,0x5a,0x8d,0xa4,0x85,0x84,0x69,0xdb,0x77,0x29,0x3e,
  0x9c,0xef,0xfc,0xd5,0x2f,0x52,0x3c,0xb,0x59,0x3,0x91,0x7d,0x28,0x22,0x1a,0x45,
  0x1e,0x85,0xa9,0xac,0xf1,0xc3,0xa7,0x4a,0xd5,0x7,0x9f,0x22,0x77,0xdf,0xf1,0xf1,
  0xe1,0x7c,0x2c,0x47,0xda,0x8,0x51,0xd2,0x45,0xa2,0xe,0x54,0x3b,0x76,0x55,0x50,
  0x48,0xc8,0x63,0xa,0xa,0xdb,0x91,0xf7,0xa,0xac,0x22,0x42,0x9d,0xbe,0x22,0xed,
  0x7f,0x34,0x5d,0xb6,0xff,0x95,0x39,0x48,0x2a,0x53,0x50,0x48,0x67,0x69,0xad,0xe0,
  0x7f,0x88,0x81,0x9e,0xe,0x91,0xb2,0xe1,0xfd,0xf,0x31,0xd0,0xa1,0xa2,0xe2,0x36,
  0x6,0x21,0x12,0x4b,0xdf,0x2a,0xab,0x5d,0xc9,0x88,0x36,0x27,0xaa,0x17,0x16,0xb1,
  0x44,0xa0,0x1,0x62,0x90,0x0,0x92,0x37,0xff,0x60,0x4b,0x13,0x44,0x59,0x67,0x76,
  0xef,0xec,0x13,0x0,0xd3,0xd6,0xee,0x80,0x20,0x6b,0xca,0xef,0x1a,0x52,0x15,0xcc,
  0x3c,0x2a,0x95,0xa5,0x53,0x57,0xa5,0x73,0xd4,0xb7,0x55,0x64,0x78,0xfd,0xe8,0x3a,
  0x20,0x35,0xc,0x8c,0xa2,0xf2,0x12,0x3a,0x51,0x94,0x92,0x9c,0x13,0xcc,0x3d,0x91,
  0x56,0xfc,0x11,0x45,0x36,0x6d,0xb8,0xa6,0xd2,0x5a,0x4e,0x55,0x9a,0x3b,0xc,0xc4,
  0x24,0x3e,0xc6,0x7c,0xb,0x6f,0xcb,0xbd,0x9b,0xa7,0xaf,0xe4,0x9a,0xff,0x94,0x67,
  0x65,0xfe,0x39,0x3a,0x21,0x87,0xd6,0xa8,0x3f,0x57,0xe7,0x4c,0xec,0x2c,0xf8,0x1f,
  0xd4,0x21,0x4f,0x27,0xe1,0x73,0x64,0x32,0x6a,0xa1,0xf2,0x5c,0x1b,0xe8,0x90,0xc5,
  0x6b,0x40,0x8a,0x2f,0xbb,0x65,0xd,0xf4,0x8a,0xa,0xca,0xcd,0xf2,0x30,0x9,0x43,
  0xc1,0x9c,0x29,0x92,0x3e,0x27,0x73,0x41,0xb2,0xc4,0xa1,0xdb,0xbb,0x9b,0x73,0x41,
  0xc2,0xc1,0xa2,0xf2,0x60,0x7,0x99,0x5a,0xf,0x1,0x8f,0xf3,0x3d,0x6c,0x92,0x60,
  0xe6,0x8d,0xd6,0x85,0x8c,0xd9,0xba,0xab,0x71,0xd8,0x1d,0x80,0xc6,0xfc,0xa5,0xef,
  0xe4,0x65,0x7d,0x5b,0xa6,0xb2,0x34,0xba,0x86,0x58,0xfc,0xf,0x72,0x14,0x1a,0x27,
  0xca,0x10,0xa9,0x2,0x4,0xff,0xa3,0xe1,0xc3,0x93,0x3,0x16,0x3,0x1d,0x46,0xc2,
  0xfb,0x1f,0xf7,0xbf,0xee,0xfd,0xfc,0x7a,0x7f,0xfb,0x93,0xc,0xf0,0x25,0xc,0x15,
  0x15,0xb7,0x28,0x28,0xed,0xbe,0x2b,0xa3,0x42,0xc7,0x47,0xae,0x3b,0xaf,0x9c,0xd7,
  0x15,0x87,0x71,0x75,0xba,0x26,0xe,0x5d,0x99,0xae,0xd,0xf4,0xd8,0x44,0xe7,0x46,
  0x8c,0x79,0x94,0x35,0xd4,0xbd,0xc8,0x19,0xf2,0x30,0x52,0x56,0x59,0xdf,0x43,0x50,
  0x60,0xa6,0x6f,0xa7,0xc8,0xf0,0x60,0x7a,0xb8,0x52,0xa5,0x39,0x13,0x32,0xa0,0xb,
  0xe4,0x82,0x32,0x7e,0xd6,0xb1,0xb4,0x33,0x11,0xd5,0x60,0x57,0x97,0x17,0x55,0xa0,
  0xdb,0xf7,0x4c,0x16,0xbf,0x7,0xe5,0xd2,0xb1,0x74,0xe8,0x95,0xea,0x74,0xa4,0x8e,
  0x69,0xa6,0x6a,0xac,0x7c,0x95,0x35,0xbe,0x56,0x20,0xfe,0x87,0xff,0x3c,0x8e,0x4d,
  0xf3,0xbb,0xc0,0xc6,0xf3,0x67,0x4b,0xde,0xb3,0xcf,0x97,0xfe,0xef,0x9f,0xce,0xc,
  0xf4,0xb8,0x90,0xaa,0xa2,0xe2,0xd6,0xf6,0x40,0x4,0xbc,0x89,0x9f,0xbc,0x17,0x12,
  0x3c,0xd,0x60,0x92,0x50,0x7e,0x4b,0xae,0x32,0x9d,0x94,0xf,0x22,0x26,0xba,0x10,
  0xf,0xce,0xa,0x6,0xc5,0x4f,0x41,0x21,0xf,0x59,0xcf,0x26,0xf,0x30,0x8e,0xc7,
  0xce,0xf,0x19,0xa5,0x40,0xca,0xd5,0x47,0x8a,0xe3,0xe9,0x31,0x3b,0xe7,0x40,0xe6,
  0x79,0x34,0x88,0xfe,0x33,0x10,0x3,0xc0,0x5a,0x83,0xa5,0x10,0x7b,0x6,0x46,0x6e,
  0x24,0x65,0x25,0x85,0x86,0x8b,0xbb,0xb2,0xa2,0xe6,0x89,0xfe,0x5b,0xaf,0x52,0x53,
  0x92,0xce,0x72,0xfe,0x53,0xdd,0xab,0xee,0x11,0x15,0xe9,0x3a,0x46,0x45,0xe,0xc1,
  0xeb,0xe8,0xc3,0xa7,0xdb,0x9c,0xe7,0x21,0xd0,0xfe,0xc7,0xc9,0xe4,0x98,0xa9,0x23,
  0x6e,0x7c,0x2c,0xd9,0xda,0x7b,0x19,0x96,0xe3,0xac,0x80,0xf0,0xae,0x9,0xef,0xdd,
  0x8,0x6,0x3a,0x28,0xdc,0x2e,0xf4,0x51,0x51,0x41,0x89,0xe1,0x2d,0x31,0x16,0xcc,
  0x9c,0x5b,0x67,0xb8,0xbd,0x7b,0x5a,0x9d,0x6e,0x57,0xa6,0xeb,0xa1,0x52,0xe1,0x47,
  0x48,0x4b,0x94,0x8d,0x4a,0x85,0x99,0xe4,0x21,0xe7,0x7e,0xfd,0xef,0x7f,0x79,0xfa,
  0xf5,0xbf,0xfa,0xc5,0x27,0x5f,0xf7,0xc2,0x2f,0xf1,0x71,0x76,0xfc,0x35,0xf,0x7f,
  0x91,0x8f,0xe9,0xd7,0x3e,0xf4,0x85,0xd3,0xaf,0x79,0xe4,0xb,0x4f,0xbe,0xf6,0xe1,
  0x2f,0x38,0xf9,0xd6,0x17,0x7d,0xd5,0xd4,0x98,0x1f,0x52,0xa8,0x4a,0xca,0x8b,0xc,
  0xf,0xbb,0x43,0xc8,0x1,0xcf,0x7c,0xa,0x64,0xa0,0xb9,0x61,0xee,0x38,0xa8,0xf,
  0xb8,0x43,0xe0,0x49,0x62,0xba,0xe0,0x7f,0x4c,0x13,0xff,0xa3,0xa4,0x80,0x50,0xc,
  0x74,0xa8,0xa8,0xb8,0xd3,0xe6,0x81,0x64,0x9,0xc1,0x8e,0x15,0x67,0x82,0x0,0xaf,
  0x43,0x1c,0x43,0xe4,0xa1,0xb7,0xee,0x6a,0x2f,0x45,0xbc,0x18,0x8b,0x3c,0xf4,0xb9,
  0xc7,0xff,0xeb,0x71,0xfe,0xbd,0xd3,0x51,0xb8,0xbf,0xff,0x8f,0xbf,0xd9,0xfe,0xbe,
  0xff,0x7c,0xec,0xb7,0x9b,0xd3,0xd1,0xb8,0xed,0x1f,0x3c,0xfe,0x9b,0xcd,0xef,0x3d,
  0xe1,0xbf,0xff,0x56,0xfb,0x7b,0x4f,0xfc,0x76,0xfb,0x47,0x4f,0xfe,0x3e,0x6d,0xd2,
  0x4c,0x2f,0x50,0x1f,0x4b,0xaa,0xd0,0xaf,0x39,0x51,0x1f,0xa3,0x88,0x81,0x81,0x99,
  0xce,0xe8,0x64,0xa1,0x96,0x43,0xd4,0x7,0xdc,0x2,0x20,0x99,0x4c,0xd8,0x10,0x77,
  0x43,0xfe,0x47,0x3b,0x65,0xd8,0x0,0xda,0x93,0x3,0x3e,0xf0,0xc5,0x83,0x27,0x46,
  0x1,0xa1,0x81,0x2f,0xfd,0x92,0x5b,0xbb,0x88,0xb0,0xa2,0x82,0x78,0xc1,0xfb,0x0,
  0x2e,0x8f,0xb4,0xe3,0xae,0x44,0xd2,0xdd,0x57,0x91,0x8d,0x3c,0x33,0x58,0x60,0x18,
  0x3e,0xa5,0x32,0x7d,0x76,0x4e,0x7c,0x10,0xf6,0x9f,0xf2,0x5d,0xc8,0xc3,0x1f,0xd8,
  0xe4,0xa1,0xcf,0x91,0x7a,0x46,0xfd,0x1d,0xf2,0xbb,0x10,0xd1,0x9c,0x1f,0x62,0x90,
  0xcb,0x56,0x8a,0xc,0xf,0x8e,0xae,0x87,0xef,0xa4,0x1b,0x29,0x4a,0x1b,0xf6,0xa0,
  0x3e,0xe4,0xfa,0x18,0x2f,0x43,0x15,0x12,0x6,0x33,0x1e,0xc3,0x31,0x50,0x54,0x54,
  0xe8,0x80,0x7b,0x49,0x5f,0x85,0x73,0xb3,0x6b,0xe1,0xef,0xe8,0xa3,0xf4,0x95,0x3c,
  0x27,0x55,0xe6,0x3d,0xcd,0xd3,0x57,0xbd,0x4e,0x5f,0xc9,0x77,0x1f,0xa4,0xfd,0x8f,
  0xd9,0xdc,0xf,0xea,0x38,0xe9,0xc0,0x5b,0xe8,0x83,0x1c,0x47,0xfe,0x87,0x18,0xe8,
  0xb0,0x26,0x42,0x1,0xa1,0x32,0xd0,0x2b,0x2a,0x6e,0x71,0x10,0xe6,0xbc,0x8f,0xb1,
  0xe0,0xf4,0xc7,0xaf,0x2d,0x3e,0x85,0x84,0xf0,0x84,0xf8,0x20,0x38,0x54,0x33,0x82,
  0xa0,0x7,0x4a,0xf9,0x0,0x1c,0x9a,0x99,0xae,0x7,0x53,0x25,0xb3,0xd2,0x57,0x27,
  0xf,0x24,0x9e,0xff,0x6d,0x8,0x2a,0xf5,0x26,0xbf,0x3f,0x0,0xd1,0xad,0x32,0x3f,
  0xa4,0xb4,0x5f,0x16,0x8f,0x57,0x1f,0xda,0x40,0xbf,0xc6,0x20,0xc8,0x78,0x1e,0x88,
  0x81,0x4,0x64,0x8b,0x2d,0xcc,0x48,0xa6,0x61,0x64,0xa3,0x96,0xa3,0xb8,0xce,0xa3,
  0x2d,0x18,0x1c,0xd5,0x2e,0xf1,0x3c,0x26,0x6b,0xf2,0xc5,0xee,0x90,0xff,0x11,0xd5,
  0x80,0x58,0xb8,0x2,0x29,0xc4,0xff,0xf8,0xef,0x53,0xff,0x43,0xc,0x74,0xa8,0xa8,
  0xb8,0xcd,0x40,0xc8,0xf3,0x1f,0x50,0x28,0x31,0xce,0xf5,0x9a,0x7a,0xdd,0xa4,0xbd,
  0x7b,0x40,0x72,0x3d,0x1c,0x26,0xa3,0x6d,0x41,0x13,0x87,0xf,0xf9,0xdd,0x62,0x80,
  0xc8,0xf3,0xe1,0x9b,0x7a,0xd9,0x5b,0xd,0x15,0x15,0xf1,0xb0,0x22,0xf,0xb9,0x47,
  0x57,0x70,0x1b,0x7d,0xb4,0xa,0x5b,0xbf,0x97,0x7b,0x23,0xd7,0x8e,0xaf,0x3,0x22,
  0xb0,0x38,0x44,0x8e,0x5c,0x38,0x5a,0x11,0x4e,0x4d,0x12,0x74,0xae,0xf,0xa,0x43,
  0xf5,0xc9,0x82,0x5b,0x10,0xd3,0x59,0xfa,0xea,0xcc,0xff,0x68,0x71,0x56,0x2c,0x88,
  0x4c,0x93,0x29,0x4f,0xc5,0xff,0x28,0x84,0xf8,0x1f,0x77,0x5e,0x1,0x61,0x45,0xdd,
  0xc6,0xab,0x5f,0xfc,0xe5,0x3f,0xc6,0x4c,0x90,0x39,0xa2,0x7b,0x92,0x69,0x84,0x9c,
  0x51,0x1d,0xe1,0xcc,0x70,0x13,0x45,0x14,0x2,0x48,0x66,0x82,0x18,0xdb,0x75,0xf5,
  0xff,0x1e,0xe4,0x58,0xc8,0x3,0x4,0x98,0x21,0x81,0x52,0x5,0x52,0xae,0x3e,0x74,
  0x11,0xe1,0x20,0x70,0x46,0x28,0x73,0xf5,0x11,0xc,0xf5,0x91,0xd0,0x6d,0xde,0x65,
  0x22,0xa1,0xf8,0x25,0xe2,0x9d,0xf4,0x3c,0x9f,0xed,0x11,0xae,0x1,0x43,0x21,0xb0,
  0x99,0xcd,0x49,0xa7,0x2e,0xa4,0xac,0x54,0xfa,0xca,0x9f,0xeb,0x9d,0x7c,0x27,0xee,
  0x9a,0x29,0x63,0x1f,0x8e,0xc9,0x68,0xc0,0x58,0xea,0x7f,0x4c,0xf6,0xae,0xf3,0x75,
  0xf1,0x41,0x2a,0x2a,0xee,0x30,0x50,0xc1,0x2c,0x10,0x81,0xf9,0x3c,0xb,0x32,0x6a,
  0x43,0x88,0xc3,0x52,0x1d,0xab,0x92,0x7,0x63,0x96,0x34,0x38,0x3a,0x27,0x8f,0xb,
  0xb9,0x69,0xd3,0x5f,0x57,0xc8,0xfb,0xc3,0x92,0xb9,0xe9,0x9b,0xaf,0xb,0xc9,0xe0,
  0x70,0x7a,0xe8,0xb4,0xfa,0x0,0xb,0xca,0x23,0xd1,0xea,0x3,0x36,0xc,0x69,0xb4,
  0xd8,0x2b,0xff,0x83,0x8,0x59,0x5e,0xfc,0xd0,0x1,0x4,0x22,0x50,0xb5,0x1d,0xca,
  0xff,0x80,0xad,0xa2,0xd4,0xff,0xb0,0xb,0x8,0xab,0x81,0x5e,0x71,0x3b,0x80,0xe2,
  0x91,0x82,0x8b,0xdd,0x76,0x81,0x57,0xa,0x2,0xd0,0x91,0x59,0x53,0x13,0x4d,0xba,
  0xbd,0x17,0x15,0x71,0x28,0x82,0x11,0xe2,0xd0,0xe7,0xe4,0x64,0xd2,0x81,0x97,0xe6,
  0xe4,0xe1,0xc,0x1f,0x44,0x57,0x9a,0x87,0xe7,0x14,0x79,0xa0,0x22,0xf,0x9c,0x93,
  0x7,0xe2,0xb8,0xb9,0xe9,0x9b,0xa8,0xb,0xf1,0x18,0x93,0xca,0x3a,0x98,0x5e,0x57,
  0xc6,0x83,0x74,0x35,0xc6,0xa0,0x1a,0x50,0x17,0x5,0x2e,0x1f,0x59,0xbb,0x90,0xbe,
  0x42,0xe9,0xa6,0xeb,0x58,0x8e,0xa1,0x81,0x14,0xad,0x5a,0x23,0x87,0x46,0xdd,0x9b,
  0xc3,0x64,0xc4,0x3d,0x19,0x58,0x46,0xfa,0x59,0xfa,0xaa,0x45,0xce,0xfa,0x1f,0x17,
  0xc0,0xc6,0xdd,0xb0,0x14,0xe2,0x7f,0xa8,0x2,0xc2,0x8a,0x8a,0xdb,0xa,0x44,0x4c,
  0x4c,0x80,0x20,0x81,0xc,0x5c,0x18,0xf3,0xf5,0x38,0xfa,0x1,0x4a,0x7a,0x63,0xa9,
  0x27,0x75,0xa1,0xa1,0x6a,0xa0,0x88,0x0,0xfe,0xde,0xd9,0xfd,0xa8,0xa,0x7,0x7d,
  0x8,0x1,0x49,0x2f,0x2c,0x4,0x2,0x42,0x5a,0x9d,0x3c,0x0,0x66,0x6b,0x22,0xf8,
  0x67,0xe5,0xf7,0x88,0xa1,0x2e,0x12,0x2d,0x9c,0x2f,0x26,0xe,0x38,0xef,0x7e,0x59,
  0x7,0x27,0x37,0x18,0x29,0xdc,0x43,0xd0,0xa8,0x37,0x76,0x38,0xa,0x45,0x7c,0xd,
  0xc3,0x42,0x3d,0x48,0xcb,0xfe,0xaa,0xdc,0x99,0x7b,0x56,0xff,0x3b,0xdf,0xee,0xdb,
  0x4a,0x91,0xa0,0x2e,0x8,0x54,0xc7,0x70,0xf6,0x29,0xcf,0xb6,0x11,0xdb,0xb4,0x29,
  0x2b,0xe8,0x6f,0x99,0x1e,0x58,0xe9,0x9d,0x92,0xbe,0xf2,0x9f,0xd8,0xb,0x31,0xa0,
  0xd4,0x7c,0x4,0xdf,0xa3,0x45,0x96,0xcf,0x74,0xd3,0xd5,0x3e,0xe4,0x70,0xd1,0xb0,
  0xd0,0x63,0xff,0x43,0xc,0x74,0xa8,0xa8,0xb8,0x13,0x52,0x58,0x59,0x2a,0x58,0x9,
  0xf6,0xf3,0xb,0x5b,0x79,0x5,0x83,0x9d,0x7a,0x53,0xd5,0x20,0x4a,0x60,0x61,0xe6,
  0xfa,0x50,0x1f,0x2c,0x46,0x45,0x26,0xcc,0x8,0x68,0x93,0x87,0xbe,0xa6,0x1a,0xf,
  0x22,0xf0,0xc2,0x1c,0x77,0x40,0xd4,0x7f,0xcb,0xa6,0x15,0x8,0x4b,0x94,0xa8,0xf,
  0xc1,0xf5,0xc3,0x97,0x63,0xb8,0x63,0xa6,0xd2,0x66,0x9e,0x85,0xed,0x6d,0xcc,0xc7,
  0xd3,0xc2,0x39,0xc,0x96,0x12,0xaf,0x44,0x52,0x58,0xe4,0x7a,0x35,0x3c,0xa,0xe0,
  0xec,0x9a,0xeb,0x54,0xe5,0xb9,0xff,0x3e,0xef,0xc4,0x3b,0x9f,0x44,0x18,0xee,0xe9,
  0x66,0x55,0xe9,0xf2,0x1c,0x8c,0x43,0xb9,0xff,0x71,0xfa,0x39,0x39,0x6e,0xf9,0xfa,
  0xf1,0x35,0x86,0x8a,0x8a,0x3b,0xb9,0xe,0x44,0x87,0x41,0xc,0x26,0xd1,0xa8,0xb5,
  0x92,0x35,0x8d,0xa,0xf5,0x84,0x38,0xe6,0xe4,0xa1,0x88,0xc3,0x6a,0xa2,0x8,0xb2,
  0xb6,0x5b,0x8d,0x3c,0x2,0x4c,0xf2,0xc0,0xd9,0x7e,0xaf,0xed,0x29,0x90,0xf1,0xea,
  0x83,0x88,0xf8,0xfa,0xd1,0x41,0xbe,0xa,0x9d,0x60,0x46,0x10,0xee,0xec,0x18,0x6c,
  0xc8,0x8e,0xae,0x40,0x28,0x9a,0x4,0xa4,0x8d,0xc9,0x6d,0x6,0x99,0x81,0x4e,0x5d,
  0xf0,0x3f,0xda,0x1d,0xe2,0x23,0xe5,0x7f,0x94,0xa2,0xfa,0x1f,0x15,0xb7,0x13,0x8,
  0x90,0x13,0x2,0x28,0x9,0xd0,0x40,0x66,0x1d,0xc9,0x84,0xc2,0xc4,0x80,0x8f,0x88,
  0x23,0x2c,0x19,0x15,0xe,0x2,0x2f,0x6f,0xa2,0x28,0xe4,0xb2,0x3a,0x79,0xa0,0xfc,
  0xbe,0xd9,0xf3,0x1e,0x52,0xf8,0x28,0xe4,0xa1,0xf4,0xda,0xc6,0x53,0x59,0x46,0x67,
  0xdf,0x51,0x45,0x86,0x27,0xfd,0xd,0x96,0x1d,0x7,0xe0,0x49,0x94,0x20,0x45,0x13,
  0x75,0x4f,0xa6,0x7e,0x7c,0xe3,0xc4,0x76,0x6e,0x8e,0x3b,0x49,0x5f,0xa9,0x1d,0x58,
  0x21,0xc4,0x3b,0x9,0xe7,0xd6,0x6a,0xa8,0x38,0x29,0x9c,0x48,0xd8,0x86,0xae,0xbc,
  0xd4,0xfa,0x74,0x96,0xa4,0xb1,0x66,0xfe,0x47,0x47,0x4c,0x93,0xe0,0x7b,0x1c,0x77,
  0xc7,0x67,0x9f,0xab,0xe7,0xae,0xc,0xff,0xe3,0xaa,0xf2,0x3f,0x54,0x1,0x21,0x54,
  0x54,0xdc,0x46,0x20,0x69,0x56,0x98,0xb,0x4,0x80,0x6c,0x18,0xcf,0x8a,0x77,0xae,
  0xf5,0x4a,0x7e,0x17,0x16,0xb2,0x8f,0xf0,0xc,0xb3,0xf,0x4c,0xb6,0xf0,0x2,0x93,
  0x2a,0x4c,0xd4,0x6b,0xa,0x11,0x22,0x84,0x7b,0x1c,0xe2,0xc2,0x56,0xdd,0x84,0x3c,
  0x72,0xdb,0x83,0x1,0x58,0xfd,0x1e,0xbd,0xbe,0x1c,0x17,0x11,0x47,0x79,0x93,0xc5,
  0xbc,0xfa,0x8,0x26,0xfa,0x81,0x2a,0x1a,0x94,0xff,0xdd,0xcf,0xfd,0xe,0xc5,0x21,
  0x83,0x5e,0xba,0xcc,0x4b,0x6f,0xd5,0x78,0x5a,0x8c,0xa,0xc,0xdb,0x10,0xa3,0xb,
  0x5,0x51,0xa5,0xaf,0x64,0xdd,0xf9,0x44,0x41,0x9d,0xbe,0x92,0x9d,0x58,0xd2,0x40,
  0x51,0xa7,0xaf,0xc2,0x77,0x12,0xaf,0x63,0x36,0x58,0x4a,0xfc,0x8f,0xae,0x9f,0x8a,
  0xff,0x21,0x5e,0xc7,0xd8,0xe2,0xc2,0xd4,0xd,0xc9,0x37,0xe0,0xad,0xfe,0x47,0xc5,
  0x1d,0xd,0x8a,0xbb,0x5a,0xd,0x94,0xf,0xf0,0xb2,0x80,0x8,0x6a,0xad,0x64,0xcd,
  0xb4,0xe6,0x3,0x59,0x2,0xe4,0x69,0x48,0x7a,0x60,0x89,0x6a,0x11,0x1a,0x32,0xc6,
  0xdd,0x86,0x40,0x56,0x2f,0x56,0xa3,0x1e,0x84,0x35,0x79,0xe8,0xd4,0x98,0x0,0x39,
  0x43,0x6,0xe5,0xa,0xc4,0x50,0x1f,0xa3,0xc9,0xa4,0x77,0x3d,0x48,0xa3,0x44,0x18,
  0x80,0xee,0x93,0xe5,0x38,0xa8,0x3,0x30,0x20,0xbb,0xb2,0x74,0x57,0xdd,0xe0,0x49,
  0x84,0xb5,0xa4,0x9e,0xe4,0x76,0x85,0x4f,0x5f,0x79,0xff,0xc3,0xfb,0x1e,0x7,0xd5,
  0xff,0xa8,0xa8,0x48,0xe7,0x81,0x68,0x2,0x28,0x89,0xb4,0x3e,0xc4,0x26,0xd,0x93,
  0x38,0x3c,0x14,0x71,0x70,0xa4,0x3a,0x72,0x73,0xd2,0xd,0xf2,0x10,0xa4,0xe4,0xa1,
  0x49,0x4a,0x7e,0x7,0x43,0x54,0xd1,0x7d,0x3e,0x66,0xba,0xc7,0x7a,0xea,0x23,0xe0,
  0xb3,0xdf,0xf5,0xab,0xe0,0xca,0xfe,0x3d,0x67,0xdf,0x9d,0x52,0x1f,0xec,0x3f,0x33,
  0x40,0xe,0x64,0x22,0xea,0x3,0x69,0xbc,0x79,0x1e,0xc8,0xa5,0x9f,0xf7,0xa8,0x22,
  0x60,0xf2,0x67,0xa8,0xf,0xdf,0xcf,0x8e,0x6f,0x1e,0xa2,0x99,0x4a,0xfa,0xaa,0x9f,
  0xa7,0xaf,0x9a,0xd9,0xb9,0x63,0xef,0x7f,0xec,0x10,0xb7,0xd3,0xe0,0x7f,0xc0,0x20,
  0xaa,0xff,0x51,0x51,0x41,0xfa,0x65,0x9f,0x8d,0x1c,0x10,0xd8,0x7e,0x2e,0x25,0x8d,
  0x58,0x6d,0x18,0xc4,0x31,0xa8,0x3a,0x2c,0xf2,0x40,0x66,0x43,0x79,0x48,0xe8,0x3e,
  0x5b,0x79,0xf2,0x60,0x44,0xde,0x82,0x2,0x29,0x2e,0x32,0x7c,0xe0,0xee,0x7,0xf0,
  0x2b,0xde,0xef,0xdb,0xe1,0xca,0x85,0xfb,0xd9,0x52,0x1f,0xb0,0x4,0x7a,0x3c,0xad,
  0x56,0x1f,0x50,0x8,0x52,0x6b,0x75,0x2a,0x7d,0xd5,0x47,0xe9,0xab,0x5e,0xa5,0xaf,
  0xba,0x28,0x7d,0xd5,0xa9,0xf4,0x55,0xb7,0x24,0x7d,0x35,0xed,0x53,0xff,0x43,0xbe,
  0x83,0x89,0x42,0xff,0xe3,0x5a,0xf5,0x3f,0x2a,0x6e,0x7f,0x50,0x3a,0x86,0x56,0x7c,
  0x8,0x15,0x8,0x3c,0x10,0xe9,0x7d,0x99,0xb1,0xb6,0x62,0x98,0xc4,0x6a,0x43,0x1b,
  0xea,0x84,0xaa,0xc1,0xa2,0x6e,0xf5,0x4e,0xaa,0xa8,0x90,0x64,0xb8,0x94,0x26,0x19,
  0xed,0x63,0xa0,0xac,0x23,0xe6,0xb1,0xdd,0x85,0x57,0x91,0x96,0x36,0xe5,0xf5,0xef,
  0x1,0x92,0xd9,0xbf,0x6e,0xd3,0xa9,0x2c,0xb6,0xb6,0xed,0x8e,0x51,0x1f,0x82,0x7,
  0xef,0x7e,0x10,0xbf,0xf2,0xbd,0xbf,0x8d,0xef,0xbb,0x78,0xaf,0x3,0xa9,0x9,0xa1,
  0x99,0x57,0xd1,0xe8,0x9a,0x90,0xd9,0x10,0x28,0x44,0x21,0x7c,0x75,0x7d,0x8e,0x66,
  0xa1,0x2b,0x2f,0x30,0xa8,0xf4,0x95,0x18,0xe6,0x62,0x94,0xb7,0xca,0xf8,0x90,0x43,
  0x79,0x36,0xb9,0xa6,0xe,0x26,0xe1,0x33,0x85,0x5c,0x9b,0x2c,0xa9,0x15,0x9c,0xa8,
  0xe3,0x18,0xbb,0x65,0x9e,0x7,0x5c,0x82,0x41,0x5c,0xbf,0x70,0x8d,0xc5,0xff,0xd8,
  0xad,0xfe,0x47,0xc5,0x1d,0xa,0x1a,0x9a,0xe7,0xc1,0x88,0xbc,0x6e,0x80,0x60,0xc5,
  0xe1,0x52,0x99,0xed,0xbb,0xe9,0xac,0x74,0x66,0x4e,0x5a,0x95,0xc8,0x35,0x21,0x2a,
  0xb5,0xe,0x70,0xa2,0x18,0xf2,0xe4,0xc1,0xbc,0xb8,0x5d,0x57,0x2e,0xea,0xf9,0x23,
  0x94,0x27,0x8b,0x72,0x5,0xb2,0xf9,0x22,0xc3,0x17,0x5c,0x79,0x90,0xbe,0xe4,0xbd,
  0xbf,0x1d,0xae,0xee,0x5f,0xd,0x44,0xce,0xf3,0xdd,0x52,0xcb,0xd3,0x50,0x4e,0x8f,
  0xb3,0xd,0xf3,0x40,0x46,0x20,0xa4,0xb0,0x80,0x89,0x3,0xa9,0xf4,0xaa,0xb8,0xd0,
  0x49,0x5b,0x92,0x9b,0x18,0xb,0xe9,0xab,0xdd,0x86,0x9b,0xe9,0xb0,0xff,0x1,0x50,
  0x51,0x51,0x41,0x2b,0xf,0x90,0x12,0x8c,0xbc,0xdf,0x20,0x8d,0xd1,0xc4,0xe1,0x43,
  0x5f,0x8f,0xe6,0x74,0x48,0x1b,0x95,0x44,0x9d,0x2c,0xfb,0x64,0xe0,0x45,0xf2,0x60,
  0xe6,0x21,0xf2,0x40,0x12,0x92,0xda,0x7c,0x2a,0xcb,0x50,0x1f,0x6c,0xab,0x8f,0xf4,
  0x99,0x57,0xb8,0xf2,0xa,0xf8,0x15,0xef,0xf3,0x5d,0x70,0xf5,0xc2,0x15,0x4e,0x3c,
  0xf,0xad,0x3e,0xc,0x38,0x16,0x12,0x8,0xea,0xc3,0x91,0xb,0xc7,0x6b,0x42,0x52,
  0x61,0xd2,0x1c,0x91,0x58,0xd2,0x54,0x51,0xfa,0x8a,0xe4,0x7b,0xe7,0x3f,0x93,0xf4,
  0x55,0xf8,0x4e,0xe1,0x5a,0x3f,0xe5,0x2e,0x4e,0x5f,0xb5,0xd3,0xf0,0x5d,0xba,0xf0,
  0x4a,0x3a,0x4b,0xf9,0x1f,0xd4,0x1d,0xf3,0x89,0xf2,0x3f,0x60,0x3c,0xea,0x0,0xa9,
  0x8a,0x3a,0x91,0x50,0x7,0xc,0xc0,0x20,0x94,0x84,0x28,0x56,0x25,0x8d,0x11,0xc4,
  0x91,0xaa,0x8e,0x94,0x3c,0x22,0x15,0xb1,0xd2,0xe7,0x52,0xf2,0x88,0x5e,0xf0,0x82,
  0x8d,0xa6,0xb2,0x92,0xb5,0x37,0x58,0x64,0xf8,0xc0,0x95,0x7,0xf0,0x2b,0xdf,0xeb,
  0xbb,0xf8,0xee,0x8b,0xf7,0x39,0xc8,0xa0,0x67,0xe0,0x58,0x7d,0x80,0x9,0x19,0x32,
  0x85,0x2c,0xa9,0x30,0xad,0x3e,0xe0,0xe,0x85,0xf6,0x3f,0xea,0x0,0xa9,0x8a,0xdb,
  0x1d,0x24,0x2f,0x1f,0x8b,0x8,0xec,0xc8,0xbc,0xd8,0xc,0xd2,0x58,0x95,0x38,0x72,
  0xaa,0x23,0x47,0x1e,0xc,0xb8,0x32,0x79,0x30,0x62,0x9e,0x3c,0x68,0xfe,0x82,0x67,
  0xb6,0xc9,0x62,0xb,0xa9,0x2c,0xb0,0xd5,0x87,0x44,0xc0,0xf3,0xaf,0x3c,0x40,0x5f,
  0xf5,0x3e,0xdf,0xe,0xf7,0xec,0xdd,0xef,0xb4,0xfa,0x80,0x25,0x90,0xf4,0xd5,0x82,
  0xfa,0x18,0x81,0x5c,0xfa,0x4a,0xab,0xf,0xb8,0x85,0xa0,0xd3,0x57,0xde,0xff,0xf0,
  0x9f,0xe2,0x7f,0xbc,0xac,0xfa,0x1f,0x15,0x77,0x28,0x8,0x90,0x60,0x16,0xbc,0xe1,
  0x0,0x89,0xc8,0xa0,0x4f,0x8d,0x79,0xd2,0xa3,0x6d,0x51,0x1a,0x2e,0x32,0xcd,0x1a,
  0x23,0x9e,0x5,0x91,0xac,0xa3,0x2b,0xd8,0xe5,0x1c,0xcb,0x7d,0x18,0x16,0x63,0xc4,
  0x15,0x76,0x60,0x69,0x65,0x81,0xa8,0x7e,0x27,0x32,0x86,0x3f,0x34,0xac,0x4d,0xf2,
  0x77,0x24,0xc4,0x55,0xec,0x89,0x78,0x64,0xee,0x29,0x50,0x25,0xe9,0xf5,0xe7,0xdf,
  0xf5,0x20,0x7d,0xd9,0x7b,0x7d,0xb,0x5e,0xbd,0x7c,0x1f,0x37,0xd0,0x0,0x34,0x4d,
  0x20,0x62,0x2,0x6e,0x49,0x5e,0xec,0x8d,0xfc,0x7,0xe4,0x9f,0xa6,0x69,0x14,0x2b,
  0xcc,0x2b,0xcc,0xfd,0xa7,0x44,0x70,0xbf,0x9b,0x5,0xc3,0xdc,0x9f,0x6b,0xe5,0x84,
  0x5c,0xf5,0xd1,0x2e,0x2a,0x18,0x92,0xe2,0xc2,0xd0,0xc2,0x3d,0x29,0x26,0xec,0xe5,
  0xbb,0x5c,0xeb,0xfd,0x31,0xa9,0xf4,0x55,0xb8,0xa6,0x77,0x5f,0xa1,0x4e,0x5f,0xb5,
  0x6a,0x88,0x54,0x8b,0xdc,0xe8,0xf4,0x55,0xbb,0x98,0xbe,0x3a,0xee,0x88,0xc5,0xff,
  0x68,0x22,0xff,0x3,0x2a,0x2a,0x2a,0x12,0xd0,0x50,0x47,0x12,0x58,0x13,0xb9,0xe,
  0x27,0xb9,0x9a,0x90,0xb8,0x7e,0x44,0xf,0xa4,0xca,0x4d,0x2e,0x8c,0x6b,0x4a,0xe4,
  0x9c,0xbe,0xf,0x59,0x15,0x15,0xa6,0x1,0x31,0x79,0x10,0x61,0x52,0xd1,0xce,0xaa,
  0xc5,0x9,0x70,0x9e,0x20,0xb6,0xaf,0x40,0x44,0x7d,0x8c,0x9f,0xa3,0xfe,0xe0,0xd5,
  0x57,0x84,0x2f,0x7d,0x8f,0x6f,0x82,0xcb,0x97,0xee,0x75,0xc3,0x29,0xc8,0x7e,0xa6,
  0x16,0xc6,0xf5,0xba,0x42,0x9e,0xcd,0x3b,0x77,0x10,0x5e,0xfc,0xca,0x40,0x87,0x8a,
  0x5a,0xff,0x51,0x71,0xfb,0x17,0x12,0x9a,0x44,0x60,0x87,0x59,0x44,0x38,0x44,0x1a,
  0xeb,0x12,0x47,0x4a,0x1e,0x51,0xa,0x2b,0xf2,0x47,0x32,0xe4,0x21,0x87,0x9,0x79,
  0x80,0x80,0x21,0x4d,0xa7,0x41,0x79,0x2a,0x4b,0x7e,0xf1,0xb6,0x87,0x4f,0x3d,0x78,
  0xf5,0x95,0xf0,0xcb,0xdf,0xfd,0x5b,0xf1,0xb4,0xd8,0xd0,0x49,0x7b,0x93,0x65,0x35,
  0x21,0x2e,0x5c,0x65,0xc0,0x79,0x2a,0x6a,0xac,0x61,0x8e,0xe2,0x95,0x34,0x3d,0x43,
  0x27,0xe6,0x39,0x32,0x71,0x77,0xcb,0x37,0x64,0xd4,0xe9,0xab,0x5a,0xff,0x51,0x51,
  0xb,0x9,0xb,0xc2,0x20,0x8c,0x84,0x34,0x4c,0xe2,0x10,0x64,0x88,0xc3,0x87,0x40,
  0xc8,0x43,0xae,0xad,0x4a,0x1e,0x21,0x52,0xf2,0x40,0x44,0xd6,0xe4,0x81,0xc9,0x33,
  0x65,0xa9,0x2c,0x8f,0xb1,0x73,0xd4,0x93,0x86,0x90,0x6b,0x92,0xc9,0x83,0x57,0x4e,
  0xeb,0x44,0x3c,0x89,0xec,0xde,0xc3,0x39,0xf5,0xb1,0x2a,0x29,0x68,0xf5,0x1,0x6b,
  0xa2,0x77,0xf3,0xd4,0x55,0xef,0xfa,0x28,0x7d,0xd5,0x31,0xcd,0xae,0x75,0x92,0xbe,
  0x72,0xd3,0x85,0xf4,0x15,0x14,0x60,0x31,0x7d,0x75,0xc4,0x92,0xbe,0x3a,0x52,0xe9,
  0xab,0x65,0xfe,0x7,0x54,0x54,0xd4,0x5d,0x58,0x69,0xc0,0x48,0xe4,0xd6,0x21,0x2,
  0x38,0xb,0x44,0xd6,0x81,0x83,0x13,0xa,0x99,0x7d,0xc8,0x33,0xba,0x60,0x51,0x15,
  0x24,0xea,0xfb,0x23,0xff,0x44,0x91,0x7,0xba,0x95,0xc9,0x43,0x48,0x49,0xa,0x1a,
  0xa5,0xb0,0x4e,0x17,0x15,0x22,0x89,0xb1,0xfe,0x6c,0xa5,0xb2,0xca,0xd5,0x87,0x56,
  0x3d,0xcf,0xbf,0xfa,0x20,0x7c,0xf9,0xfb,0x7c,0x1b,0x5c,0xb9,0x70,0xf,0x37,0x6a,
  0x1a,0x61,0x13,0xd7,0x84,0x50,0x50,0x1f,0xfa,0xba,0x40,0x17,0x26,0x7a,0xbf,0x43,
  0xa7,0xaf,0x64,0x2c,0xad,0xf8,0x1b,0x2d,0xcc,0xd1,0x46,0x5d,0x78,0xf5,0xb5,0x49,
  0x2b,0x7,0x72,0x5e,0x61,0x67,0xfe,0xa9,0xeb,0xa,0xc9,0x75,0xdc,0x35,0x73,0xff,
  0xa3,0x53,0xfe,0x7,0xc9,0x67,0x7b,0xc2,0x9e,0x2c,0x4e,0xb4,0xff,0xd1,0x13,0xc3,
  0xfe,0x92,0xc6,0xbb,0x97,0x21,0xc1,0x55,0x58,0xd,0x6f,0x6,0x15,0x15,0xb7,0x3f,
  0x48,0xcd,0xf5,0x28,0xda,0x89,0x65,0xe,0x99,0xca,0xa7,0xb0,0xd2,0x79,0xe7,0xf2,
  0xa3,0xeb,0x43,0x32,0xf3,0xd1,0x65,0x1d,0x79,0x46,0x4c,0x75,0xff,0x93,0x21,0xf,
  0x15,0x7a,0x4d,0xb5,0x7b,0xb,0x21,0x2d,0x2a,0x64,0x7d,0x7f,0x59,0x2a,0x6b,0xac,
  0x71,0xae,0xd5,0xc7,0x26,0xc9,0xe4,0x5,0x77,0xbd,0x2,0x7e,0xd9,0x7b,0x7e,0x2b,
  0xdc,0x75,0xe1,0x5e,0x67,0xb5,0x2a,0x9,0xd7,0xd5,0xae,0xac,0x91,0xfe,0x46,0xdf,
  0xf4,0x6a,0x70,0x94,0x74,0xd1,0x9d,0x2b,0xd,0xb8,0x8d,0x70,0xf5,0x34,0x7d,0xf5,
  0x8f,0x75,0xfe,0x79,0xc5,0x1d,0x0,0x4a,0x5e,0xfa,0x5,0x61,0x11,0x46,0x4a,0x1a,
  0x29,0x71,0x44,0xd5,0xf0,0xd9,0xb6,0xeb,0x7a,0xbd,0x5c,0x51,0xa1,0x3c,0x27,0x58,
  0x52,0x89,0x3e,0x4c,0x1e,0x72,0x51,0x8e,0xc9,0x31,0x40,0x19,0x91,0x78,0x14,0x18,
  0xe7,0x5,0xbe,0xc8,0x30,0x81,0xbe,0xe0,0xee,0x53,0x12,0x79,0x8f,0x6f,0xc2,0x2b,
  0x7b,0xf7,0xf2,0x62,0xf,0x2c,0x7b,0xe8,0x94,0xbf,0x2e,0x2a,0xc5,0xb9,0xb9,0xfa,
  0x80,0x35,0x10,0x76,0x5e,0xf5,0xbc,0x90,0xce,0xd2,0xe9,0xab,0x46,0x76,0x52,0x4d,
  0x83,0xca,0x90,0xf4,0xd5,0x16,0xb7,0xef,0x4e,0x2e,0x5c,0xe3,0xeb,0x2a,0x7d,0x95,
  0xf3,0x3f,0xa0,0xa2,0xe2,0x4e,0x6d,0xe7,0x2e,0x1,0x23,0x21,0xcf,0x59,0x84,0x61,
  0xab,0x8d,0x3c,0x71,0xf8,0x50,0xeb,0xc6,0xaa,0x23,0x22,0x85,0x24,0x65,0x95,0xfd,
  0xb4,0xc9,0x63,0x54,0xfa,0x4a,0xc0,0x63,0xae,0x95,0x9b,0xe9,0xb6,0xfa,0xc8,0x37,
  0x60,0x3c,0xdd,0x9d,0xf5,0x9e,0xdf,0x8e,0x57,0x2e,0x7a,0x12,0x89,0xe0,0x90,0x63,
  0xf5,0x1,0x6,0x44,0x55,0x48,0xf5,0xb8,0x56,0x1f,0xb0,0x49,0xe8,0xf4,0x95,0x1b,
  0x4e,0x5f,0x4d,0xcf,0x3e,0x87,0xd3,0x57,0xcd,0xd9,0xe4,0x41,0xe2,0xf6,0x34,0x8e,
  0x62,0xff,0x63,0xf7,0x80,0xdb,0xa5,0x9d,0x78,0x2b,0x2a,0x2a,0x28,0x1e,0x0,0x25,
  0x31,0x56,0x73,0xe8,0x67,0xb3,0x83,0xa9,0x12,0xd2,0x8,0x88,0x6a,0x44,0x58,0x45,
  0x92,0xde,0x42,0x7f,0xf,0x3,0x13,0xcb,0xf5,0x41,0xb2,0x19,0x45,0x1e,0x48,0x38,
  0xf7,0x5a,0xa2,0x1,0x52,0x24,0xe4,0x21,0x9f,0x5,0xa,0x84,0x99,0x47,0x90,0x84,
  0xb5,0x6d,0xb7,0x5c,0x7d,0x68,0x9c,0x76,0xf1,0x85,0x2f,0x7e,0xb7,0x6f,0x82,0xab,
  0x17,0xee,0x71,0x32,0xb,0xbd,0x81,0x45,0xb4,0x8a,0x20,0x50,0xa9,0xf,0xff,0x3d,
  0xba,0x37,0x3f,0x54,0x6a,0x20,0x7d,0x25,0xea,0x3,0x23,0xaf,0x64,0x92,0xd8,0x1f,
  0x9,0x92,0x6b,0xbb,0xb0,0x1a,0xf6,0x61,0x35,0xdc,0x5,0x15,0x15,0x15,0xab,0xa5,
  0xb0,0x90,0xb9,0x34,0xac,0x11,0xb9,0xc2,0x32,0xaa,0xb8,0x30,0xae,0x13,0x1,0x1f,
  0xd2,0xd3,0x4a,0x5f,0xb,0xcf,0x85,0x4f,0xad,0x54,0xe4,0x39,0x21,0x9b,0xf0,0x7d,
  0xe5,0x4a,0x74,0xf6,0x50,0x63,0x6c,0x85,0x3c,0x44,0x15,0xc9,0xdf,0x6c,0x6c,0xe3,
  0xb5,0x7d,0xf,0x9b,0x64,0xb6,0x3f,0x47,0x5d,0x5f,0x7f,0xf0,0xca,0xe9,0x16,0xdf,
  0xf7,0xfc,0x36,0xbc,0x7a,0xf1,0xbe,0x30,0x34,0x4a,0xa9,0xf,0x22,0x64,0x68,0x52,
  0x46,0x10,0xb8,0x46,0xcc,0xf3,0x39,0x29,0x18,0x63,0x6b,0x7,0xaf,0xf9,0x67,0x85,
  0x64,0x74,0x11,0x61,0xa7,0xd3,0x57,0x6d,0x38,0xe7,0xd5,0x47,0xc2,0x24,0x39,0xec,
  0x41,0x1e,0x17,0x60,0x1c,0xee,0xb,0x1f,0x43,0xe9,0xab,0xea,0x7f,0x54,0xdc,0x49,
  0x20,0x7b,0xbe,0xb9,0x8d,0x55,0xd6,0x40,0x5e,0xfc,0x19,0x9a,0x50,0xa8,0x32,0x5f,
  0x69,0xed,0x87,0x1a,0x5f,0xcb,0x8c,0xe9,0x75,0x79,0x46,0xbe,0x7,0xbf,0xc2,0xa,
  0x8f,0xa8,0xc3,0x6f,0x44,0x1e,0xca,0x92,0x19,0x99,0xbe,0x2,0xdb,0xf7,0xb0,0x49,
  0x82,0x88,0xa,0x2a,0xd3,0x4d,0xf5,0x91,0x56,0xac,0x5f,0x79,0x10,0xbe,0xf4,0xdd,
  0x4f,0x2b,0xd6,0xf7,0xee,0x4b,0xee,0xeb,0x59,0xc,0x74,0x60,0xc7,0x8e,0xc1,0x0,
  0x5,0xf2,0x51,0x73,0x3f,0x90,0xdd,0x4c,0x7d,0xc0,0x86,0x70,0x46,0x2e,0x7e,0xed,
  0x86,0xb8,0x71,0x53,0x9e,0xe,0xa5,0xaf,0x5a,0xe2,0x93,0x7e,0x9e,0xbe,0xf2,0x9f,
  0x27,0x92,0xbe,0xda,0x21,0x3e,0xea,0x86,0xd3,0x57,0xed,0x49,0xc3,0x7,0xb1,0xff,
  0x71,0xb1,0xe5,0xdd,0xa3,0xe0,0x7f,0x40,0x45,0xc5,0x1d,0xe,0x4a,0x5e,0xea,0x26,
  0x31,0xd8,0x44,0x83,0x9c,0xfc,0x64,0xc6,0xda,0x6,0xa4,0xa4,0x91,0x27,0xe,0x1f,
  0x9a,0x28,0x92,0x6a,0x77,0x21,0x98,0x80,0x95,0x3e,0x89,0x68,0x29,0x79,0x80,0x40,
  0xad,0x5b,0x64,0xa6,0xe7,0xef,0x65,0xc3,0x38,0x1f,0xed,0x7f,0x78,0x8c,0xf5,0x46,
  0x9e,0x7f,0xe5,0x15,0xe0,0x8b,0xdf,0xfd,0x9b,0xe1,0xde,0x8b,0x3e,0x9d,0x95,0x37,
  0xc5,0x25,0x7d,0xe5,0xce,0x94,0xc2,0xb8,0x56,0xed,0x48,0xc8,0x42,0x48,0x34,0x7b,
  0x56,0xab,0xf,0xa8,0xa8,0xa8,0xb8,0x35,0x2a,0xd1,0xc5,0x9f,0x20,0x46,0xde,0x44,
  0xf8,0xb5,0x24,0xf2,0x53,0xa,0x81,0x25,0x8,0x70,0xde,0xf3,0xa,0xc2,0x8f,0xac,
  0x6,0x40,0x42,0x48,0x4c,0xa0,0x6b,0x43,0xa4,0x7e,0x63,0xde,0xc7,0x4b,0xdf,0x87,
  0xdc,0x8c,0x23,0x11,0xc6,0xf9,0xef,0xd3,0x7e,0x8c,0x78,0x34,0x4c,0x19,0x92,0x10,
  0xd8,0xbe,0xc7,0x36,0xa7,0x18,0x96,0x5e,0x7b,0xc1,0xd5,0x57,0xc4,0x2f,0x3e,0x35,
  0xd6,0xef,0xd9,0xbf,0x9f,0x89,0x5a,0x46,0xa5,0x3e,0x66,0x5d,0xb2,0x40,0xd0,0xa8,
  0x3c,0x14,0xa,0x9,0xa8,0x6d,0xc1,0x9a,0x58,0x5a,0xe5,0x6c,0x4c,0xe2,0x5c,0x96,
  0xba,0xd2,0x3b,0xd5,0x3,0x4b,0xa5,0xaf,0xc2,0x54,0xc1,0x30,0x85,0x50,0xd4,0x47,
  0x2e,0x87,0xb5,0x97,0xfc,0x6b,0xbb,0x1f,0x97,0xa4,0x0,0xc4,0xc4,0xf3,0x20,0x87,
  0x9a,0xbe,0xaa,0xb8,0x53,0x40,0x66,0xa,0x8a,0x0,0x96,0xc5,0xaa,0xea,0x4,0x9,
  0x58,0x7,0xcc,0x1c,0x72,0x89,0xf8,0xef,0x0,0x52,0x9e,0x6,0x9,0x11,0x45,0xb5,
  0x21,0xea,0x9c,0xdc,0xa7,0x9e,0x5f,0x99,0x3c,0xd8,0x43,0xfd,0x4e,0xf0,0xa0,0xb9,
  0xd7,0x82,0xda,0x7f,0x11,0xac,0xe6,0x7b,0xac,0x4d,0x14,0x44,0x54,0xdc,0x64,0xd1,
  0xa3,0x80,0x4c,0xf8,0x81,0xbb,0x1e,0xc0,0x2f,0x7a,0xaf,0x6f,0xc3,0xbb,0xf6,0xef,
  0xe1,0xa4,0x8d,0xbb,0x2a,0x16,0xcc,0x79,0x1a,0xf1,0x33,0xd4,0x84,0xad,0xb9,0xfe,
  0x58,0x66,0x80,0x28,0xce,0x48,0x31,0x59,0xcd,0x39,0xf,0xe9,0x2b,0x9f,0xb2,0x92,
  0x91,0xb6,0x38,0x4f,0x5b,0xb5,0x27,0x61,0x1e,0xc8,0x84,0xce,0xae,0x35,0xfd,0x71,
  0x36,0x7d,0xe5,0xd3,0x56,0x47,0x67,0x9f,0xa1,0x2,0x3d,0x9f,0xbe,0xda,0xe1,0xdd,
  0xbb,0xfe,0x77,0xd1,0xff,0x78,0xde,0xdc,0xff,0x80,0x8a,0x8a,0x3b,0x4,0x14,0xbf,
  0xd8,0x8d,0xed,0xb9,0x49,0xe4,0x52,0x1b,0xb9,0x75,0x87,0x6a,0x45,0x12,0xb2,0x51,
  0x2d,0xdd,0xd7,0x2b,0x2a,0x44,0xc9,0xd1,0xf3,0x2a,0x26,0x3a,0x52,0x34,0x47,0x9d,
  0xe6,0xa9,0x30,0x54,0xde,0xc8,0x98,0xf4,0x95,0xc7,0xba,0x8a,0x83,0x88,0xb6,0x60,
  0xa6,0xe7,0xaf,0x69,0x2,0x7c,0xc1,0xe5,0x17,0xc0,0x17,0xbf,0xc7,0xb7,0xc0,0x45,
  0x45,0x22,0x31,0xe2,0x99,0x20,0x34,0x22,0x95,0x45,0xb3,0x1e,0x59,0x5a,0x71,0xf4,
  0x6a,0xfe,0x39,0x54,0x54,0x54,0xdc,0xdc,0x95,0xe8,0xc6,0xcb,0xdf,0x8,0x9b,0x2c,
  0x72,0xa4,0x21,0xa1,0x48,0xc3,0x24,0xe,0xbb,0xa8,0x10,0x93,0xa2,0xc2,0x6c,0x4,
  0xac,0x4c,0x1e,0x8,0x98,0x10,0xc6,0x39,0xb6,0x35,0x29,0x50,0x20,0xe5,0xea,0x3,
  0x14,0x8e,0x8f,0xf,0xa0,0xef,0x8e,0x41,0x3a,0xf4,0x3a,0xb6,0xfd,0x8e,0x90,0xbe,
  0xea,0x54,0xe3,0xc4,0x40,0xc,0x30,0x12,0xd8,0x13,0xf7,0x2a,0x7d,0xd5,0xf5,0x62,
  0x92,0x4f,0x95,0x79,0x5e,0x89,0xa6,0xa2,0xe2,0xd9,0x0,0xad,0x54,0x81,0x9e,0xc1,
  0x98,0xe7,0x84,0x2c,0x6c,0xd2,0xc8,0x13,0x87,0xa5,0x3a,0xe6,0xe4,0x1,0xa3,0xfc,
  0xf,0xb6,0xc8,0x43,0x48,0x2a,0xb3,0x13,0xcb,0xf2,0x3d,0xca,0x52,0x57,0xdb,0xef,
  0x97,0xa5,0xff,0x67,0x78,0xf2,0x7f,0x1e,0x73,0x5f,0xfd,0xf0,0x67,0xc2,0x8d,0xfe,
  0x0,0x62,0x60,0x93,0x4e,0x24,0x4,0x3,0x3a,0x7d,0xa5,0xd5,0x7,0x14,0xe2,0x2c,
  0x7d,0xd5,0x2f,0x49,0x5f,0x75,0x23,0xd3,0x57,0x27,0x23,0xd3,0x57,0x2f,0xa9,0xdb,
  0x77,0x2b,0x6a,0x33,0x45,0x1e,0x43,0x14,0xa3,0x9a,0x2a,0x8a,0x6d,0xc2,0xcc,0x12,
  0xaa,0xb8,0xd0,0x2e,0x2c,0x8c,0x88,0x43,0x15,0x30,0x6,0xf3,0x5f,0xff,0x6e,0x60,
  0x1e,0x33,0xd6,0x56,0x93,0x7,0x32,0x72,0x83,0xc0,0xa4,0x95,0x7,0x3,0x37,0x88,
  0x4c,0x86,0xf7,0x61,0xd4,0x7b,0x14,0xa4,0xae,0xc6,0x91,0x86,0xfc,0xd,0xa5,0xea,
  0xe3,0x9f,0x5e,0xf2,0xe4,0x19,0x79,0x1c,0x76,0xd7,0x59,0xd4,0x7,0x71,0xcf,0xda,
  0xe2,0x88,0x8f,0x3d,0x29,0xc4,0xea,0x63,0xe8,0xde,0x49,0x74,0x2c,0xe9,0x2b,0x52,
  0xe9,0x2b,0xad,0x3e,0xca,0xb,0x8,0x53,0x5c,0x84,0x32,0xbc,0x72,0x7d,0x7f,0x54,
  0xd4,0x14,0x16,0x97,0x8e,0xb3,0xcd,0x13,0x10,0x33,0x27,0x31,0xe0,0xab,0x68,0xd2,
  0xc8,0x8d,0xab,0x65,0x4d,0x1c,0x3,0xaa,0x83,0xe3,0x7a,0x10,0x42,0x79,0x9e,0xcd,
  0x4a,0x74,0xd9,0xe7,0xa5,0x94,0x87,0x53,0xe4,0xa1,0x8a,0x1d,0x97,0xa6,0xaf,0x98,
  0xf9,0xa6,0x4b,0x65,0x49,0x8c,0x55,0x1f,0xa7,0xe4,0xd1,0x7f,0xf9,0x2f,0x7f,0x1a,
  0x1c,0x9c,0x5c,0xcb,0xb5,0x5f,0xf,0x6d,0x4a,0x56,0x18,0x8f,0x4b,0x1c,0xda,0xb2,
  0xf7,0x6a,0x2,0x21,0x8c,0x44,0x9c,0xbe,0x22,0x6f,0x9a,0xcf,0xd2,0x57,0xd4,0x4e,
  0x79,0x3a,0x53,0x1f,0x50,0x51,0x51,0xb1,0xed,0x14,0x16,0xb3,0x19,0xa,0xeb,0x3c,
  0x13,0x13,0x86,0x41,0x1a,0xa3,0x88,0xc3,0x47,0x52,0xf,0x92,0x10,0x45,0x3e,0x1c,
  0x38,0xf0,0x58,0x46,0x1e,0x6e,0xb9,0xf7,0xc1,0x1e,0x26,0x59,0xd8,0xa9,0xab,0x62,
  0x5,0xc2,0xcc,0x25,0x64,0xc2,0x67,0xca,0xe3,0xa5,0x4f,0xb9,0x2f,0x7b,0xe8,0x53,
  0xd1,0x93,0x7,0x12,0x72,0xaf,0xd4,0xc7,0xb2,0xd4,0x94,0x53,0xea,0x23,0xf,0x4d,
  0x42,0x7d,0x18,0x4d,0xab,0xd4,0x7,0x14,0x62,0xd5,0xf4,0x55,0xd3,0x1d,0xf1,0x71,
  0x41,0xfa,0xea,0xe2,0xd5,0x5d,0xfe,0xcf,0x9a,0xbe,0xaa,0x58,0x44,0x6d,0xa6,0x8,
  0x19,0x18,0x84,0x32,0x48,0x14,0x36,0x69,0xa4,0x2f,0xc2,0x91,0xc4,0x91,0x56,0xa1,
  0x2b,0x7f,0x65,0x44,0xa,0xcb,0x24,0xf,0x5d,0xa0,0x68,0x93,0x87,0x7d,0x9c,0xa6,
  0xae,0xca,0x15,0x88,0x47,0x69,0x93,0xc5,0x67,0x4e,0x95,0xc7,0x97,0xfd,0xca,0xa7,
  0xc0,0xe1,0xd1,0x75,0x75,0x2d,0xaf,0x3e,0x20,0x3,0x6d,0x9e,0x8b,0xfa,0x80,0x15,
  0x20,0x8d,0x11,0x73,0xe6,0x39,0x54,0x54,0x54,0xdc,0x4c,0x1e,0x8,0x96,0x34,0x51,
  0xcc,0x37,0x55,0x54,0x64,0x61,0x28,0xd,0x8e,0xbb,0xf5,0xfa,0x67,0x1b,0x6,0xf6,
  0x41,0x89,0x41,0xae,0x3d,0x15,0x66,0x1f,0x52,0xb0,0xa8,0x8,0x67,0x74,0x11,0xa1,
  0x50,0x1,0xc5,0x69,0x2b,0x55,0x4c,0x48,0xc6,0x76,0xdd,0xd,0xf,0x9b,0xda,0xb6,
  0x99,0x7e,0x9a,0xb6,0x7a,0xcc,0x7d,0xc5,0x2f,0x7d,0xa,0x1e,0x1c,0x7,0xc3,0x1c,
  0x93,0xd9,0xe8,0xa9,0xe7,0x21,0x5,0x86,0xe2,0x7d,0xa8,0x6b,0x9,0x24,0x7d,0xa5,
  0xd5,0x47,0xe2,0x87,0x18,0xcd,0x14,0x73,0xe9,0x2b,0x6d,0x9e,0xe7,0x5a,0x60,0xed,
  0x43,0x45,0x45,0xc5,0x39,0x14,0x12,0x22,0x9f,0x47,0x68,0xa7,0x45,0x87,0x30,0x8c,
  0xbe,0x3d,0xf6,0x5f,0xfc,0x75,0x87,0xc8,0x3e,0x80,0xe6,0xd7,0x16,0x9b,0x3e,0x2e,
  0x2a,0x11,0x79,0xe,0x10,0xe5,0x5e,0x9,0x30,0x3f,0x55,0x21,0x22,0x22,0x26,0xc5,
  0x84,0x81,0x49,0x9c,0xb5,0x75,0x77,0xb4,0x81,0x4e,0x44,0x1b,0xf1,0x40,0x3c,0x4a,
  0xfc,0xf,0xbf,0xdb,0xea,0xcb,0x7f,0xe9,0xd3,0xe1,0xfa,0xf4,0x80,0x91,0x5c,0xd2,
  0x38,0x91,0xb8,0xf,0x2f,0xff,0x26,0x54,0x99,0xe7,0x9b,0x23,0x76,0x80,0xe,0x59,
  0xfc,0xe,0xb3,0xc0,0xb0,0xf1,0x6b,0x8a,0x79,0x2e,0xe4,0x12,0x2a,0xcf,0xed,0x22,
  0xc2,0x61,0x17,0x5d,0xd2,0x57,0xcd,0x84,0xf8,0x64,0x96,0xbe,0xf2,0xc7,0xc7,0x3a,
  0x7d,0xb5,0x63,0xa7,0xaf,0x60,0x7d,0x30,0x54,0x54,0xdc,0x1,0x20,0x20,0xe0,0x24,
  0xa,0x2c,0xf9,0x34,0xd2,0x2,0x41,0x89,0xd8,0xb8,0x97,0xef,0x8e,0x91,0x7d,0x24,
  0x8a,0x2,0x99,0xf5,0xec,0x72,0x1f,0xc9,0xf3,0x8c,0x49,0x2f,0x2b,0xcb,0x4c,0x67,
  0x9a,0xcf,0x19,0x41,0x16,0xf2,0x88,0x1b,0x37,0xba,0xf9,0x35,0x73,0xc7,0x95,0x7d,
  0x2c,0xe4,0x51,0xa4,0x40,0xca,0xcd,0x74,0x51,0x1e,0xfd,0x57,0x3d,0xfc,0x99,0x78,
  0xd0,0x1d,0x44,0x73,0xcf,0x21,0xbb,0xc5,0x16,0x5d,0xaf,0x7a,0x59,0x2d,0x9b,0x64,
  0xd8,0xf9,0x35,0x64,0x30,0x94,0x5a,0xcf,0x46,0xa7,0x5a,0x97,0x74,0x62,0x9e,0xb7,
  0x78,0xa6,0x38,0x60,0xb,0x28,0xf0,0x3f,0x2a,0x2a,0xee,0xac,0x66,0x8a,0x16,0x11,
  0xd8,0x61,0x37,0x55,0x94,0xe4,0x16,0x22,0xb1,0xe,0x0,0x12,0xd2,0x48,0x88,0x43,
  0x7b,0x1b,0xe1,0x80,0xd8,0x87,0x5e,0x7,0x80,0x24,0xcd,0x15,0x79,0x2e,0xab,0x99,
  0xe9,0x81,0x24,0x8,0xf2,0xe4,0x1,0x1c,0x7a,0x6b,0xd1,0x32,0xf2,0x80,0x31,0xc7,
  0x44,0xb4,0xb1,0x54,0x96,0xb1,0x6d,0x37,0x42,0xbc,0x55,0xf7,0x71,0xf7,0x65,0xbf,
  0xfc,0x99,0x78,0x38,0xbd,0xce,0x8e,0x25,0x5d,0xd5,0xc,0xa7,0x9e,0x38,0xa8,0xf,
  0x91,0x13,0x3e,0x74,0x1b,0x76,0xe8,0x40,0xd4,0x7,0x2f,0xeb,0x47,0x22,0xe9,0x2b,
  0x51,0x1c,0x72,0x6c,0xc9,0xc,0x8d,0x90,0xbe,0x22,0x9e,0xce,0x48,0xa6,0xe9,0xb5,
  0x79,0x1e,0xd4,0x87,0xb1,0x81,0xb7,0xa2,0xa2,0xa2,0x10,0xa4,0x5e,0xf6,0x1b,0xff,
  0xc9,0x6d,0xd,0x1e,0x32,0xe6,0x63,0xff,0x25,0x6d,0xd7,0x8e,0xec,0x83,0xd4,0x7a,
  0x6a,0xd,0x21,0x1d,0xe5,0x57,0xac,0xee,0x83,0x4,0xcf,0x85,0x99,0x16,0xeb,0x41,
  0xc2,0x79,0x54,0xaa,0x4,0x5d,0x86,0x3c,0x8a,0x3a,0xf4,0x16,0x11,0x89,0xc7,0xba,
  0x5b,0x7c,0x4f,0xc9,0xa3,0xff,0xca,0x5f,0xfe,0xc,0x38,0x38,0xbe,0x6,0x7a,0x80,
  0x14,0xb2,0x4b,0xd5,0x87,0xa2,0xb,0x4c,0xc6,0xd7,0xa6,0x35,0x1e,0x42,0x3a,0xa4,
  0xc6,0xd2,0xea,0xfb,0xf2,0x6,0x3d,0x85,0x9d,0x59,0x7d,0xc7,0xa2,0x3e,0xd2,0x9a,
  0xf,0x7d,0x9c,0x1f,0xf9,0x31,0x9c,0xbe,0x6a,0xf8,0x78,0xe7,0xd0,0x7f,0x9a,0xe9,
  0xab,0x7b,0x60,0x8e,0xe7,0x42,0x45,0x45,0x45,0xc,0xb2,0x6a,0x39,0x6c,0xd8,0x35,
  0x24,0xd6,0x4e,0x2e,0xad,0x1a,0x32,0xc4,0x31,0xbf,0x37,0x43,0x1c,0xaa,0xd,0xbb,
  0x56,0xf,0xab,0x8f,0xb3,0x3d,0x85,0x13,0xf2,0x98,0x1b,0xf6,0x4a,0x11,0x15,0x90,
  0x87,0xe9,0x7b,0x6c,0xdf,0x4c,0x7f,0xea,0x7f,0x1e,0x77,0x5f,0xf1,0x2b,0x9f,0x8e,
  0xd7,0x8e,0xc3,0x56,0x5d,0x64,0x60,0x47,0xc8,0x3,0xc6,0xb7,0x54,0x9a,0xf,0x5e,
  0x17,0xf5,0xd0,0x75,0x21,0xad,0x65,0x8e,0xba,0x8d,0xd4,0xc7,0x6a,0x35,0x20,0xc4,
  0xdd,0x2c,0x7d,0x45,0x32,0xf,0x7d,0x96,0xd2,0x82,0x73,0xc2,0xce,0x71,0xcb,0xd7,
  0x66,0xe9,0xab,0xbd,0x83,0x1d,0x7e,0x69,0xdd,0xbe,0x5b,0x51,0x91,0x80,0x94,0xaf,
  0x50,0x5c,0x4c,0x68,0x4d,0x37,0xcc,0x75,0xf0,0x5,0x1a,0x98,0x3,0x42,0xc8,0x3e,
  0xe2,0xfb,0x65,0x6d,0x65,0xac,0xeb,0x9,0x85,0xda,0xfc,0xb6,0xfd,0x8f,0x80,0x45,
  0xf2,0x98,0x19,0xf0,0x9a,0x3c,0xc4,0x54,0x46,0xca,0x90,0xd2,0x88,0x54,0x16,0x11,
  0x6d,0x4c,0x81,0x8c,0x18,0x91,0x9b,0xa4,0xad,0xbe,0xfa,0x91,0x53,0xc3,0xdc,0x57,
  0x98,0xb,0x29,0x34,0x19,0xf5,0xd1,0xa4,0x24,0x80,0x4d,0x66,0xb,0x6f,0xb,0x40,
  0x33,0xa3,0x5d,0xd4,0x47,0xdf,0x2c,0xef,0xb8,0x4b,0xfe,0xde,0xa6,0x63,0xad,0x3e,
  0xc6,0xcc,0xb0,0x9d,0xce,0xd2,0x57,0x34,0x21,0x9e,0xc6,0xe6,0xf9,0x4e,0x50,0x1f,
  0x50,0x80,0x2a,0x3f,0x2a,0x2a,0xf2,0xa0,0xcc,0xb,0xbf,0x3c,0x14,0xb2,0xb5,0x26,
  0x2c,0x3f,0x9a,0x34,0x42,0xc,0x29,0x13,0xbd,0x76,0x34,0x64,0x4a,0x13,0x87,0x28,
  0x86,0x95,0x8b,0x9,0x91,0x99,0x65,0x9b,0xb1,0xac,0xab,0xc9,0x43,0x7e,0x5f,0x66,
  0x50,0x95,0xa9,0x46,0xc6,0xf8,0x1e,0xe5,0xa,0xc4,0x4e,0x5b,0x7d,0xd9,0x43,0xa7,
  0x86,0xf9,0x89,0x32,0xcc,0x29,0x90,0x25,0xb2,0xe3,0x74,0xa2,0xe0,0x8a,0xea,0x23,
  0x25,0x94,0x94,0x74,0x5c,0x50,0x1f,0x76,0x2d,0x48,0xc7,0xe4,0x42,0xfa,0x4a,0xab,
  0xf,0x58,0x13,0x63,0xd3,0x57,0x5e,0x7d,0x40,0x45,0x45,0x85,0x9,0x32,0xa,0xff,
  0xc,0x64,0x49,0xc2,0x26,0xc,0x75,0x5e,0x93,0x86,0x5e,0x2b,0x22,0xb6,0x24,0x5d,
  0x35,0x4c,0x1c,0x81,0x52,0x18,0x57,0x4f,0x61,0x89,0x31,0xbc,0x8c,0x3c,0x5c,0x66,
  0xc6,0x7a,0x21,0x79,0xac,0x9d,0xca,0xe2,0x53,0x8c,0x25,0x97,0xa7,0xff,0xf7,0x1f,
  0x4e,0x2b,0xcc,0x3f,0xd,0x8f,0x8e,0xaf,0xb3,0x23,0x37,0xd8,0x51,0x57,0xd4,0x7,
  0x11,0xf2,0x32,0x22,0x80,0x1,0x90,0x9a,0x2a,0xb8,0xac,0xaa,0x1c,0x1b,0x54,0x3b,
  0xb3,0xba,0xd5,0x53,0x59,0x32,0xf,0xdd,0x85,0xf4,0x95,0x56,0x1f,0xb0,0x61,0x48,
  0xfa,0x6a,0xef,0xf2,0x69,0xfa,0xea,0xb0,0xa6,0xaf,0x2a,0x2a,0x86,0x40,0xc4,0xc0,
  0x67,0x1,0x0,0x5,0x5,0x85,0xc9,0xf3,0xb2,0xae,0xe,0xb9,0x26,0x84,0xa1,0x89,
  0x23,0x59,0xb,0x99,0x7d,0xc4,0x7f,0x8f,0x32,0xfc,0xc3,0x35,0x2,0xa6,0x68,0x86,
  0x88,0x14,0x1a,0xae,0x5a,0x7,0xe2,0x14,0x79,0xc0,0x6c,0x5d,0x4d,0x1e,0x80,0xb3,
  0x73,0x3c,0xca,0xfb,0x80,0xf3,0x2a,0x30,0xf4,0x18,0xab,0x40,0x9e,0x7e,0xe9,0x13,
  0xfd,0xd7,0x3c,0xf2,0x39,0x70,0x74,0x7c,0xc8,0xb,0x86,0x39,0x1,0xa3,0x52,0x1f,
  0xda,0xe8,0x5e,0x45,0x7d,0x40,0x97,0x16,0x17,0x6a,0xa2,0x10,0xd2,0x21,0xd7,0xf3,
  0xb2,0x82,0x41,0x49,0x5f,0x91,0x52,0x1f,0x30,0x2,0xd3,0x6e,0x20,0x7d,0xd5,0xcd,
  0xcd,0xf3,0xdc,0xf4,0x41,0xc1,0xdd,0x50,0x51,0x51,0xb1,0x7e,0xa,0x8b,0x37,0xfc,
  0xa3,0xc0,0x84,0xac,0x43,0xce,0x6b,0xd2,0x48,0xd5,0x86,0x56,0x35,0x9a,0x38,0x52,
  0xd5,0xc1,0xa7,0x48,0xeb,0x49,0x56,0xaf,0x3,0x41,0xe6,0xc5,0x1a,0x92,0x88,0x3c,
  0x74,0xdb,0x78,0x8b,0x30,0x2c,0xd3,0x7c,0xf3,0xbb,0xb2,0x6c,0x5,0xe2,0xc9,0xe3,
  0xab,0x7e,0xe9,0xd4,0x30,0x3f,0xb9,0xe,0xa2,0xac,0x42,0x1b,0x76,0xe0,0xc1,0x19,
  0xe7,0x23,0xd5,0x47,0x4f,0xa9,0x31,0x6e,0xb6,0x41,0x69,0x90,0xc7,0x9a,0xe7,0xa2,
  0x3e,0x60,0xd,0xc4,0xe9,0xab,0x76,0xb7,0xe1,0xa3,0x59,0xfa,0x6a,0x72,0xd2,0xf0,
  0x81,0x4a,0x5f,0x89,0xfa,0x80,0x8a,0x8a,0x8a,0xa5,0x20,0x26,0xe4,0x5c,0x28,0x49,
  0x61,0x46,0x7e,0x9d,0x25,0xdb,0x79,0x29,0x25,0xd,0x8f,0x6c,0x97,0x5e,0x52,0xc4,
  0xa1,0x7b,0x66,0xe9,0x71,0xb3,0xfe,0xbe,0x34,0xdd,0x64,0x90,0x49,0x13,0x9e,0xa3,
  0x40,0x1e,0xe1,0xef,0x53,0xe4,0xa1,0xfe,0xd6,0x51,0xde,0x47,0x6a,0x9a,0x17,0x13,
  0x9,0x33,0x8f,0xf1,0x40,0xbc,0xf2,0x70,0x5f,0xf5,0xf0,0xa7,0xe3,0x8d,0xee,0xc6,
  0x19,0x61,0x88,0xb2,0x12,0x4,0x85,0xa1,0x2b,0xcf,0x95,0xfa,0x20,0x45,0x26,0x6d,
  0xe4,0x8d,0x34,0xe9,0x79,0x1,0x35,0xba,0xaa,0x3c,0x6f,0xa2,0xe3,0x6c,0x8b,0x6f,
  0xa7,0xd4,0xc7,0x2a,0x65,0x20,0x71,0xfa,0x4a,0xab,0xf,0x58,0x5,0x97,0x20,0xc5,
  0x15,0x48,0x50,0xd3,0x57,0x15,0x15,0x23,0xb6,0xf1,0x42,0x84,0x31,0xae,0x39,0x44,
  0x58,0x75,0x3b,0x6f,0xae,0x5b,0x6f,0xda,0x70,0xd1,0xee,0xd2,0xab,0xd5,0x2,0xa3,
  0x9d,0xba,0x92,0x40,0x62,0x66,0x70,0x67,0x91,0x56,0xb4,0xcb,0xf7,0x31,0xe4,0x11,
  0x60,0x98,0xe6,0xc9,0xb1,0x75,0x9f,0x5d,0xf3,0x91,0xa6,0xad,0x4e,0xc9,0x3,0x6e,
  0x1c,0xdd,0x60,0x50,0x18,0x54,0x1f,0xc,0x81,0x30,0x6,0x7d,0x11,0x64,0xe4,0x8c,
  0xfa,0x70,0xb6,0xfa,0x20,0xd7,0x8b,0x37,0x62,0x9a,0xe8,0xf3,0xce,0xbc,0xeb,0x99,
  0xe7,0x43,0xe9,0x2b,0xad,0x3e,0xa0,0xa2,0xa2,0x62,0x63,0xa0,0xcc,0x4b,0xbf,0x38,
  0xac,0x99,0x20,0xa9,0xef,0x61,0xb7,0x77,0xcf,0x34,0x5b,0x14,0xd5,0xb1,0xb8,0x96,
  0x32,0x99,0xed,0x3a,0x90,0xd9,0x9a,0xe2,0x9d,0xa8,0x3a,0x10,0x29,0x32,0x6c,0xfc,
  0x77,0x32,0xc9,0x43,0x9b,0xe6,0x5b,0x29,0x30,0xcc,0xdd,0xf3,0xf4,0xff,0xfe,0x63,
  0xff,0x35,0xa7,0x75,0x1e,0x87,0xc7,0xd7,0x41,0xfe,0x76,0xf1,0x39,0x1a,0x5d,0x3c,
  0x4a,0x8e,0x85,0x80,0xe5,0x9a,0xa8,0xf,0xff,0xd3,0xc4,0x3,0xa3,0x48,0x17,0x89,
  0x66,0xd4,0x87,0xd3,0xea,0x23,0xc5,0x19,0x99,0x88,0xfa,0x70,0x94,0x25,0x95,0x1d,
  0x65,0x9e,0x93,0x32,0xcf,0xa5,0xf2,0xdc,0x6a,0x98,0x78,0x61,0xa0,0xf6,0xbc,0x95,
  0xfe,0x57,0x3a,0x7d,0xb5,0xdf,0x9e,0x7e,0xaa,0xf4,0x95,0x32,0xcf,0xa1,0xa2,0xa2,
  0x22,0xb,0xb2,0x67,0x7a,0xd8,0xb0,0x9f,0x4f,0x9,0x43,0x17,0xfe,0x49,0xc,0xbe,
  0x10,0x33,0x93,0x8,0x1,0x54,0xb3,0x45,0x65,0x70,0x4b,0xc9,0x48,0xe6,0x25,0x6f,
  0xb7,0x73,0x57,0xe4,0x21,0xfe,0x88,0x3,0x38,0xb,0x64,0x2c,0x20,0x8f,0x32,0x3,
  0x9d,0x99,0x57,0xf6,0x40,0x9e,0xf9,0xdf,0x27,0xdd,0xd7,0x3c,0xf2,0x59,0x78,0x63,
  0x7a,0x7d,0x66,0x82,0x3,0x6b,0x2f,0xc3,0xcd,0x8c,0xf3,0x44,0x65,0xf8,0x6b,0xd1,
  0xcc,0xf,0x27,0xcd,0x6e,0x8a,0xd5,0x87,0x5c,0xcf,0x13,0x8f,0x56,0x1f,0xb0,0x2,
  0x68,0xe2,0xd5,0xc5,0x49,0x68,0x61,0x72,0x76,0x4c,0x7c,0x32,0x53,0x1f,0xb0,0x21,
  0xd4,0xf4,0x55,0x45,0x45,0x1e,0xb4,0xd0,0x93,0x8a,0x8,0x92,0x40,0x64,0x23,0x92,
  0xe7,0xf4,0x9a,0x43,0xeb,0xdb,0x1d,0x7b,0x63,0x35,0x42,0xa0,0xd6,0x48,0x88,0x3,
  0x55,0x1d,0x49,0xb8,0x4e,0x8c,0xb4,0xaa,0xff,0x21,0xd5,0xeb,0xd,0xe8,0xce,0xbf,
  0x73,0x7f,0x20,0xfc,0x4e,0xc4,0xb5,0xc8,0x43,0x50,0xb0,0x85,0x57,0x93,0x87,0xad,
  0x40,0x9e,0xfc,0xdf,0x7f,0x74,0x5f,0xf1,0xc8,0xa7,0x81,0x27,0xf,0xf0,0x68,0x94,
  0xda,0x50,0x5d,0x74,0xa5,0x30,0xd2,0x71,0xb4,0x56,0xdb,0x4a,0xca,0x2a,0x39,0xef,
  0x92,0xf3,0x2d,0xc0,0x24,0x2a,0xa,0x14,0x83,0x7c,0xa2,0xee,0x51,0xd7,0x85,0x4c,
  0x44,0x7d,0x88,0x37,0x22,0xb,0xa9,0x7b,0x83,0x69,0x2e,0xf3,0x40,0xdc,0xac,0x43,
  0xef,0x6e,0xf2,0x8a,0xf7,0xff,0x49,0x34,0x48,0xb3,0xe3,0xc9,0x84,0x82,0x69,0xbe,
  0x73,0xc8,0x47,0xfe,0x53,0xa9,0xf,0x48,0x70,0x15,0x2a,0x2a,0x2a,0xc6,0x81,0x52,
  0x85,0x50,0x1e,0xa0,0xc0,0x29,0x6,0x49,0x23,0xee,0xc7,0xa5,0x53,0x6a,0x7a,0xd8,
  0x93,0x8f,0x21,0xe2,0xf0,0x11,0xee,0x51,0x1e,0x86,0xe1,0x7f,0x8,0x8,0x98,0x1d,
  0x3a,0xf5,0x3f,0x43,0xf8,0x71,0xaa,0xb6,0x64,0xa0,0xc3,0x6f,0x41,0x5d,0x88,0x71,
  0x6c,0xfa,0x1e,0x79,0x5,0xf2,0x7b,0x4f,0xbf,0xc8,0x1d,0xce,0xba,0xea,0xa,0x41,
  0xe8,0x97,0xbe,0x73,0xc0,0x42,0x10,0x89,0xfa,0x68,0x30,0x55,0x1f,0x99,0x11,0xb4,
  0xa1,0x8e,0xa3,0xcf,0x76,0xd8,0x15,0xbf,0xa3,0x9f,0xdd,0x93,0x57,0x1e,0xe1,0xbe,
  0x6e,0x96,0xd2,0xb2,0x6b,0x41,0x90,0x3b,0x4f,0x2a,0xa2,0x38,0x26,0x27,0x92,0xce,
  0x1a,0x85,0xc5,0xf4,0x55,0xcb,0x3b,0xc7,0xd7,0x38,0x57,0xfb,0x1,0x15,0x15,0x15,
  0x83,0x20,0x64,0x66,0x2b,0x60,0x9,0x8c,0x67,0x17,0xeb,0x43,0x8,0x78,0x21,0x12,
  0xd2,0x8,0xc8,0xf9,0x28,0x94,0x27,0xe,0xd9,0x86,0x1c,0xee,0xb1,0x77,0x4b,0x41,
  0x3c,0x8,0x4a,0xd7,0x98,0xc8,0x96,0xd6,0xe0,0x7,0xd8,0xb5,0x25,0xc6,0x76,0xdd,
  0xad,0xe,0x9b,0xfa,0xa8,0x37,0xfb,0xf8,0xe6,0x1d,0x5f,0xeb,0xbd,0x7a,0x24,0x8c,
  0xea,0x3d,0x1c,0xa3,0x3,0xed,0x69,0x88,0xd7,0xb1,0xe8,0x7f,0xb8,0x50,0xfb,0x41,
  0x84,0xdc,0x46,0xa9,0x28,0xe4,0xfc,0x60,0x29,0x52,0xbe,0x46,0x52,0xef,0xa1,0x88,
  0x2,0xd5,0x6e,0xab,0x9d,0x21,0xbf,0xc3,0xd1,0x4c,0x9d,0x4c,0x59,0xd4,0xc7,0x6a,
  0xdb,0x74,0x45,0x71,0x1c,0xf3,0x99,0xfa,0xe8,0x68,0x63,0xa6,0x79,0x4d,0x5f,0x55,
  0x54,0xac,0x30,0xf,0x64,0x1d,0x92,0x58,0x67,0x2e,0x88,0x5e,0x61,0xc8,0xc0,0x1f,
  0xda,0xa9,0x25,0xdf,0x72,0xc4,0x91,0xee,0xce,0x72,0x99,0xd4,0x55,0x4a,0x1e,0xcc,
  0x98,0x90,0x87,0x28,0x9e,0x5,0x3f,0x64,0x4,0x79,0x94,0xc,0x9b,0x52,0xbc,0xb9,
  0x16,0x91,0x7c,0xdc,0x5b,0x7d,0x72,0xf3,0x8e,0xaf,0xf1,0x9e,0xe,0x19,0xd8,0xf1,
  0xb0,0xaa,0x18,0xaa,0xf1,0x70,0x91,0xcf,0x31,0x9f,0xf7,0xd1,0x27,0xf7,0xbb,0x99,
  0xb2,0xf0,0x31,0xb8,0x93,0x6a,0xa6,0x50,0x20,0x86,0x22,0xa,0x19,0x5f,0x6b,0xcd,
  0x42,0x97,0xf4,0x95,0x56,0x1f,0xb0,0x22,0x24,0x7d,0x95,0x33,0xcf,0xa1,0xa2,0xa2,
  0x62,0x6d,0x50,0xf4,0x8d,0x37,0x12,0x2,0x45,0x16,0x5,0xa4,0x31,0x86,0x38,0x44,
  0xa1,0xc,0xb6,0x32,0xe1,0x80,0xc4,0x7,0x31,0xc9,0x43,0xfc,0x10,0x74,0x63,0xc8,
  0x83,0x4b,0x8e,0x3d,0xa,0x3a,0xf4,0xf2,0xc7,0xbc,0xf5,0xa7,0xd2,0xdb,0xbd,0xf6,
  0x7b,0x3b,0xad,0x3e,0x3c,0x79,0x68,0xf5,0xe1,0x28,0x25,0x0,0x51,0x1f,0x20,0x50,
  0x64,0x22,0xe4,0x1,0x11,0x9c,0x52,0x1f,0xf9,0x6d,0xb9,0xc8,0xfe,0x78,0xd9,0x2c,
  0x74,0xad,0x3e,0xc0,0x80,0x4e,0x5f,0x69,0xf5,0x1,0x23,0x61,0xa5,0xaf,0x44,0x7d,
  0x40,0x45,0x45,0x45,0x2,0x1a,0x3b,0x9e,0x56,0xb0,0xf2,0x73,0x4,0xa0,0x3b,0xe7,
  0x5a,0xa4,0xe1,0xb1,0xd0,0xa5,0x97,0x14,0x71,0xe8,0x56,0xef,0xb4,0xa4,0x1e,0x44,
  0xee,0xcd,0xa8,0xe,0x7d,0x4d,0x7e,0x1d,0x34,0x8a,0x3c,0x54,0x71,0x62,0xe4,0x87,
  0x94,0x93,0x87,0xc0,0xac,0xf7,0x28,0x1f,0x36,0xf5,0x71,0x6f,0xf9,0xc9,0xf4,0x8e,
  0xaf,0xf7,0x5e,0xbd,0xce,0x39,0xc9,0x1c,0xf,0xdd,0x65,0x77,0x41,0x7d,0xb4,0x19,
  0xf5,0xd1,0x2a,0xc2,0x10,0xf5,0x21,0x66,0x79,0x42,0x18,0x19,0xf5,0x31,0x9,0xbb,
  0xad,0xb4,0xfa,0xc8,0x76,0xe9,0x6d,0xb5,0x79,0x1e,0xd4,0x47,0x3a,0xf4,0x23,0xdd,
  0xbb,0xab,0xd3,0x57,0x5a,0x7d,0x40,0x21,0x6a,0xfa,0xaa,0xa2,0x22,0x5,0xe5,0xc,
  0x70,0x8b,0x30,0x20,0x3,0xcb,0x58,0xb7,0x48,0x83,0xd5,0x1c,0x10,0x9,0x45,0x1c,
  0x4a,0x49,0x64,0x88,0x83,0x50,0xd4,0x4a,0x72,0x6f,0xd6,0xf,0x91,0x79,0x18,0xc8,
  0x3e,0xb4,0x99,0x9e,0xcc,0x9,0x19,0x45,0x1e,0xe5,0xa9,0xac,0x62,0x22,0xf9,0x98,
  0x37,0xfb,0xa4,0xe6,0xed,0x5f,0xe3,0xdd,0x7b,0xe7,0x70,0xd1,0x4c,0x67,0x9c,0x93,
  0xc0,0xc,0x28,0x6d,0x46,0xe4,0xbe,0x74,0xda,0x60,0xaa,0x3e,0xdc,0x8a,0xea,0x43,
  0xae,0xe7,0xb6,0xef,0x3a,0x32,0x4d,0xf4,0x6e,0x42,0x4c,0xfd,0x7a,0xe6,0xb9,0xa4,
  0xaf,0x72,0xe6,0x39,0x54,0x54,0x54,0x8c,0x6,0x19,0xb5,0x1a,0xa3,0x63,0x95,0x1a,
  0x11,0x21,0xc,0x8b,0x34,0x46,0x12,0x47,0xe2,0x95,0x28,0xe2,0xb0,0xe7,0x81,0x44,
  0x6d,0xe2,0x53,0xf2,0xe0,0x75,0xc9,0x83,0xc7,0x1c,0x33,0xf3,0xc6,0x86,0x4d,0xc9,
  0x5a,0x1f,0xfb,0x56,0x9f,0xde,0xbc,0xd3,0x6b,0xbf,0xcf,0x2c,0x9d,0xd5,0xa7,0xbe,
  0x88,0xeb,0x93,0xa2,0x3f,0x51,0x1f,0xbd,0x9c,0x4f,0xd5,0x47,0x9e,0x30,0xb2,0xdd,
  0x7a,0x53,0xf5,0x91,0xae,0x31,0x9d,0xd,0x8b,0x52,0x5b,0x77,0x97,0xe0,0xac,0x79,
  0x62,0x5f,0x6e,0x9e,0xaf,0xda,0x79,0x17,0x2a,0x2a,0x2a,0x22,0xf,0x84,0x99,0xcf,
  0x2d,0x3c,0x32,0x84,0x61,0x90,0xc6,0xda,0xc4,0x21,0x73,0x3d,0x56,0xad,0x3,0x21,
  0x5e,0x81,0x3c,0xe4,0xa5,0x4a,0xc4,0x5,0xe4,0x21,0xc8,0x99,0xe6,0x9b,0x1e,0x36,
  0x25,0xe0,0x8f,0x7e,0xf3,0x4f,0xa4,0x77,0x7e,0xed,0xf7,0x74,0xb1,0x71,0x9e,0xb4,
  0x63,0x1f,0xda,0xb6,0xdb,0xcd,0x8d,0xf3,0xf3,0x52,0x1f,0xd6,0xd6,0x5d,0xad,0x3e,
  0x4a,0xcc,0x73,0x28,0x44,0x4d,0x5f,0x55,0x54,0xcc,0x41,0x43,0xd3,0x1,0x4b,0x42,
  0xd6,0xc9,0x12,0x6,0x21,0xeb,0x90,0xe7,0x12,0xd2,0x10,0xcf,0x3d,0x99,0x3e,0xa8,
  0x89,0x43,0xfb,0x25,0x51,0xff,0x2c,0x34,0x5b,0x99,0xe8,0x80,0x85,0x62,0xc4,0x46,
  0x91,0x87,0xfa,0xfd,0x6c,0x34,0x69,0x2c,0x51,0x23,0x1e,0xe7,0x97,0xca,0xa,0xf8,
  0xc8,0xb7,0xf8,0x64,0x7a,0xfb,0xd7,0x7e,0x9f,0x5e,0x17,0x14,0x3a,0xa,0xea,0x83,
  0xa2,0x9,0x84,0x44,0x91,0xfa,0x68,0x33,0xc4,0x33,0xc9,0xa8,0x8f,0xc9,0x80,0xfa,
  0x68,0x68,0x98,0x4c,0x76,0xc2,0x36,0xdf,0x58,0x7d,0x40,0x6,0x92,0xbe,0x8a,0xd5,
  0x87,0xea,0x61,0x92,0xe2,0x72,0xf8,0x58,0x48,0x5f,0x5d,0xbc,0x56,0xd0,0xba,0xa4,
  0xa2,0xa2,0x82,0x90,0x30,0x99,0x1e,0x58,0x10,0x49,0x1a,0x24,0x8e,0x4c,0xfb,0xf8,
  0x84,0x34,0xe2,0x94,0x9a,0x7c,0xf3,0xa1,0x88,0x23,0x6d,0xf3,0x8e,0x8e,0x7d,0x8c,
  0x69,0x65,0xc2,0x44,0x2c,0x7f,0x9f,0x63,0x38,0xb,0xb1,0x7b,0xe4,0xf7,0x3b,0x1e,
  0x4d,0x1e,0x50,0x40,0x1e,0xc5,0xc3,0xa6,0xf2,0x9e,0xc8,0x27,0x37,0xef,0xf4,0x9a,
  0xef,0xe3,0xc2,0xc6,0x80,0x68,0xdb,0xee,0x50,0x5,0x7a,0x27,0x5,0x89,0x3,0xea,
  0x63,0x36,0xbb,0x63,0x78,0x47,0x55,0x5e,0x7d,0x48,0xe7,0x5d,0x99,0x6d,0xe,0x19,
  0x88,0x79,0x2e,0xea,0x63,0xb5,0x46,0x8a,0xd,0xb7,0x9d,0x61,0x9e,0x17,0xb7,0x2e,
  0xa9,0xa8,0xa8,0xf0,0x20,0xf5,0xa2,0xdf,0x78,0x80,0x42,0x6e,0x5e,0x88,0xf6,0xe6,
  0x93,0x61,0x56,0x29,0x71,0x88,0x12,0x51,0xf7,0xa6,0xc4,0x81,0xa0,0xc9,0x4c,0x7d,
  0x9a,0xf3,0x40,0x74,0x21,0x62,0x3a,0x64,0xaa,0x61,0x83,0x98,0x6e,0xaa,0x61,0x53,
  0xf9,0xfb,0x3f,0xea,0x34,0x9d,0xf5,0xe,0xaf,0xfb,0x5e,0xae,0x95,0x6d,0xbb,0x9e,
  0xc,0x54,0xe1,0x20,0x51,0x1f,0x88,0xa4,0x53,0x29,0x21,0xa5,0x3e,0xc8,0x85,0x7b,
  0x5,0xa8,0xd4,0x47,0x32,0x2c,0x4a,0xa9,0xf,0xff,0xdc,0x60,0xf1,0x60,0xbf,0xa8,
  0x3e,0xac,0xad,0xbb,0x5a,0x7d,0xac,0x64,0x9e,0xef,0x1d,0xb0,0xff,0x8c,0xd5,0x7,
  0xac,0xf,0x6,0xa8,0xa8,0xa8,0x20,0x63,0x18,0xd4,0x28,0x58,0x3,0xa6,0xc4,0x9f,
  0xd0,0x21,0xb9,0x2f,0x66,0x62,0x9,0xa1,0x86,0x21,0xe2,0x18,0x2c,0x44,0x3c,0x3b,
  0x4f,0x80,0xd0,0xb0,0xf,0x80,0x46,0x76,0x61,0xad,0xe8,0x83,0x10,0xcc,0x55,0x10,
  0x86,0xb5,0x38,0xac,0x33,0x1f,0x32,0x15,0xee,0x5b,0x8b,0x3c,0x4,0x86,0x69,0xbe,
  0x8d,0x5d,0x59,0x82,0x8f,0x7e,0x93,0x4f,0xa2,0xb7,0x79,0x35,0x5f,0x27,0xd2,0x82,
  0xa0,0x97,0x1a,0x10,0x39,0x27,0xbe,0xf,0xa7,0xed,0x4a,0x7a,0x55,0x59,0xae,0xe8,
  0x62,0x3e,0xae,0x76,0x89,0xd1,0x2e,0x64,0xd2,0x2d,0xa8,0x8f,0x5d,0x75,0xf,0xcd,
  0x53,0x59,0x46,0xd1,0xa0,0x36,0xcf,0x83,0xfa,0x68,0x38,0x1d,0xf8,0x71,0x19,0x86,
  0x70,0xed,0x38,0x5f,0xfb,0x1,0x15,0x15,0x15,0x26,0x48,0x3c,0x3,0x8d,0xf2,0x29,
  0x84,0x29,0x59,0x48,0xe4,0x52,0x65,0x72,0x76,0x1e,0x1,0x29,0x71,0xc,0xef,0xd0,
  0x12,0x13,0x9e,0xd9,0xb1,0x8f,0x31,0x2f,0x79,0x6,0x56,0xe4,0xa1,0x54,0xd,0x3b,
  0x21,0xf,0xb9,0x6f,0x5d,0xf2,0xe0,0xb1,0xe4,0x51,0xde,0x74,0xd1,0x9e,0x62,0xf8,
  0xb1,0x6f,0xf9,0x29,0xf4,0x76,0xaf,0xf6,0x2e,0x4e,0xd4,0xa2,0x2e,0x32,0xec,0x3a,
  0x80,0xe4,0xbc,0xf2,0x4a,0x52,0x32,0x21,0x9f,0xd2,0x4a,0xaf,0x29,0xf5,0x1,0x3,
  0x58,0x65,0xb7,0xd5,0xd8,0xad,0xbb,0x47,0xdd,0xe1,0xdc,0x3c,0xdf,0xf3,0x9f,0x7,
  0xc,0x23,0x61,0xb7,0x2e,0xa9,0xa8,0xa8,0x20,0xf5,0xa2,0xdf,0x78,0x80,0x42,0xd6,
  0x2b,0x21,0x66,0x89,0xa1,0xa2,0x43,0x5d,0x83,0x32,0x64,0xb6,0xeb,0x1d,0x5c,0x8c,
  0x4e,0x15,0x0,0xae,0x3c,0xd2,0x96,0x89,0xc3,0xfa,0xb,0x5e,0xca,0x6c,0x4a,0x1f,
  0x13,0xcc,0xff,0xe7,0x41,0xe0,0x72,0xf2,0xd0,0x2f,0xfb,0xf2,0x54,0xd6,0xd8,0xca,
  0xf5,0xb4,0xed,0xc9,0xa7,0xd1,0xdb,0xbe,0xe6,0x7b,0xb0,0xa8,0xf,0xe4,0xc5,0xc2,
  0x41,0xf2,0x67,0xa8,0x67,0x68,0x63,0xc2,0xe8,0x54,0x21,0x61,0xdc,0x64,0x31,0xa3,
  0x3e,0x5a,0x51,0x1f,0xd3,0x3c,0x99,0x4c,0x44,0x7d,0x9c,0x30,0x68,0xec,0xd,0x6c,
  0xdd,0xdd,0x99,0xab,0xf,0x30,0x90,0x98,0xe7,0x4a,0x7d,0x80,0xe0,0x41,0xa8,0xa8,
  0xa8,0x28,0x29,0x24,0x94,0x80,0x51,0xb0,0x6b,0x48,0xc4,0xb3,0x68,0x88,0x79,0x21,
  0xfc,0xb9,0xe8,0xd9,0x98,0xd4,0xf4,0x0,0x29,0xb9,0x5f,0x13,0x7,0xa2,0x63,0x1f,
  0x72,0x1f,0x8d,0x18,0xfe,0x24,0x9f,0xd,0x23,0x93,0x10,0x7,0xa9,0xce,0xbc,0x88,
  0xb,0xa,0xa7,0x84,0x3c,0x6c,0xd3,0x7c,0xfb,0xa9,0x2c,0x3e,0xc5,0x47,0xbf,0xd9,
  0x27,0xe3,0x3b,0xbd,0xe6,0x7b,0xb2,0xf2,0xcd,0x21,0x6d,0x71,0x32,0x3c,0xcb,0xbc,
  0x77,0xeb,0xa9,0x8f,0x6e,0x96,0xa2,0xa2,0x48,0x7d,0xe8,0x6e,0xed,0x8d,0x6c,0xdd,
  0x9d,0x11,0xca,0xb2,0xc1,0x51,0x92,0xbe,0x6a,0x95,0xfa,0x80,0x15,0x71,0x96,0xbe,
  0xba,0xba,0xc3,0x17,0x6f,0xa4,0xe6,0x39,0x54,0x54,0x54,0x64,0xd1,0x22,0xcd,0xd2,
  0x37,0xe,0x31,0x26,0x3,0x28,0x84,0xac,0x3d,0x4,0x97,0x49,0x79,0x25,0xe7,0xd4,
  0x7d,0xe,0xf4,0xf5,0x40,0x1c,0x83,0xf7,0x11,0x5a,0xfe,0x3,0xe8,0x63,0x26,0xe6,
  0xf0,0x9c,0x63,0xbd,0x16,0x2b,0xf2,0x50,0xa9,0x2d,0xdc,0x2,0x79,0x6c,0xa5,0xe9,
  0xa2,0x56,0x2d,0xcf,0xbd,0xf8,0x0,0x23,0xf7,0xe2,0x9b,0x6b,0xf5,0x91,0xec,0xcc,
  0x12,0xf5,0x21,0xbe,0x48,0xa2,0x3e,0x5c,0x46,0x7d,0xf4,0xcb,0xd5,0x87,0x27,0x8c,
  0x69,0x2f,0xea,0x23,0xc5,0x54,0x6,0x47,0xf5,0xab,0xd,0x8e,0x92,0xf4,0x55,0x89,
  0x79,0xbe,0x8d,0xf4,0x15,0x2,0xde,0x92,0xb6,0x7d,0x45,0x45,0x6b,0xbf,0xec,0xcb,
  0xa1,0xc9,0x62,0xc,0x69,0x14,0x10,0x87,0x34,0x43,0x44,0x83,0x44,0xe4,0xd3,0x24,
  0xf,0xb0,0x76,0x60,0x8d,0x27,0xf,0x28,0x38,0x2e,0x6d,0xba,0xa8,0xc1,0x2f,0x7c,
  0xec,0x67,0xfb,0x1f,0xf9,0x8b,0xef,0x47,0xf4,0xd7,0x64,0x57,0x55,0x42,0x1a,0x4a,
  0x7d,0x28,0x94,0xaa,0x8f,0x2e,0xe3,0x7d,0x8,0x99,0x88,0xfa,0x80,0xc,0xda,0x8e,
  0xf8,0x58,0xa9,0xf,0x48,0x60,0x9b,0xe7,0xa2,0x3e,0xa0,0xa2,0xa2,0x62,0x14,0xc8,
  0x21,0xf0,0x50,0xc0,0x48,0xe4,0xd6,0x71,0x51,0x71,0x62,0xea,0x93,0xa4,0xe9,0x2f,
  0x21,0x3,0x89,0xf0,0x9c,0x63,0x89,0x5,0x73,0x9d,0xe6,0xf7,0x2e,0xd4,0x84,0xd0,
  0x6a,0x2f,0x7b,0x22,0x62,0x2,0x62,0xb5,0x5e,0x4a,0x1e,0xe8,0xc2,0x79,0xc2,0x32,
  0xf2,0xd8,0xfc,0xb0,0xa9,0xd2,0x4a,0x75,0x7e,0xd1,0xe3,0x3f,0xe7,0x7e,0xe4,0xd1,
  0xef,0xc7,0x33,0xe3,0x1c,0x14,0x5a,0x0,0x51,0x1f,0xa4,0xa,0xf,0x13,0xf5,0x31,
  0xc9,0xa8,0x8f,0xc9,0xa,0xea,0x63,0x27,0x55,0x1f,0x92,0xc7,0xb2,0xd4,0x7,0xc,
  0xe1,0x22,0xc0,0x91,0x98,0xe7,0x4a,0x7d,0x6c,0x64,0xee,0x47,0x45,0x45,0x45,0x2,
  0x92,0x17,0x6e,0x5c,0x54,0xe,0x8,0x3c,0x22,0x92,0xe7,0x91,0x87,0x7f,0x72,0x7e,
  0x89,0xfc,0x35,0x12,0xf3,0x75,0x1c,0xfb,0xd0,0xa4,0x81,0x91,0x81,0xde,0x68,0xe2,
  0x10,0x4f,0x84,0x53,0xc3,0x5b,0x42,0x93,0x87,0x98,0xef,0x9a,0x7c,0x1a,0x8,0x11,
  0x6a,0x4b,0x94,0x1f,0x42,0x6e,0x5d,0x13,0x1d,0xca,0x6b,0x44,0x36,0xef,0x89,0x78,
  0xf2,0xf8,0xe1,0x3f,0xfd,0x3e,0x10,0xe3,0xbc,0x55,0x35,0x1d,0xe8,0x7a,0x6e,0x13,
  0xf,0xa4,0xe3,0x85,0xfa,0x8e,0x86,0x42,0x2b,0x13,0xa7,0x87,0x48,0x49,0xc7,0xdd,
  0xb9,0xfa,0xd8,0x19,0x52,0x1f,0x2d,0xd,0xb6,0x6d,0xa7,0xf6,0x84,0x1b,0x37,0x57,
  0x1f,0xcb,0x6a,0x42,0xb4,0xfa,0x48,0xa,0xcf,0x35,0x4f,0x19,0xe6,0x79,0x61,0xed,
  0x47,0x45,0x45,0x4d,0x61,0x31,0x23,0xc3,0xe6,0x61,0xfb,0x29,0x94,0xfe,0x5e,0xd9,
  0x86,0x2b,0x10,0xc2,0x10,0x20,0x2c,0x76,0x95,0x4d,0x52,0x5b,0xa9,0x5f,0x21,0xd0,
  0xc4,0x21,0x60,0xb9,0x5f,0xaf,0xed,0xd0,0xa5,0x2d,0x4e,0xc6,0x9b,0xe8,0xf6,0x76,
  0x5d,0xc1,0x78,0xdf,0xa3,0xa4,0x52,0xdd,0x2b,0x8f,0xde,0x93,0x87,0x46,0xe2,0x69,
  0xa8,0xd9,0x20,0x49,0xc7,0xde,0x86,0x92,0xba,0x10,0x3d,0x6d,0x50,0x40,0x2d,0x72,
  0xb7,0x9a,0xf7,0x91,0xb9,0x7e,0xc2,0x5a,0x7d,0x40,0x6,0xed,0xee,0xac,0xfa,0xdc,
  0x17,0xc,0xee,0x35,0x7c,0x38,0x3d,0xe0,0x75,0xcd,0x73,0xa8,0xa8,0xa8,0x58,0x9,
  0xed,0xf2,0x16,0xee,0x80,0x25,0x4,0x61,0x13,0xc6,0x78,0xd2,0xb0,0x89,0x63,0xb9,
  0x71,0x4e,0x44,0xc9,0x39,0x4,0x36,0xc9,0x43,0x93,0x52,0x11,0x79,0x8,0xca,0x86,
  0x4d,0x15,0x55,0xaa,0xff,0xea,0x3f,0xfc,0x8c,0xfb,0xf1,0x53,0xcf,0x3,0x40,0xb6,
  0xed,0xce,0x21,0xea,0xc3,0x93,0x87,0x26,0x63,0x27,0xdb,0x76,0x15,0x44,0x7d,0x40,
  0x84,0x3e,0xa8,0xf,0x19,0x47,0xbb,0x51,0xf5,0x21,0xe6,0xb9,0xa8,0xf,0x6b,0xeb,
  0xae,0x57,0x1f,0x37,0x94,0xfa,0x80,0x15,0xb0,0x5a,0xed,0x47,0x45,0x45,0x45,0xb,
  0x84,0x2c,0x6f,0xe4,0x2,0x62,0x30,0x88,0xc2,0x26,0xc,0x4d,0x1a,0x86,0xda,0xb0,
  0xcd,0x74,0x46,0x49,0x37,0x61,0x4e,0x75,0xe8,0x4f,0x66,0x62,0x8b,0x3c,0x1c,0x1b,
  0xa4,0x61,0x90,0xc7,0x96,0x86,0x4d,0x99,0xd7,0x66,0xe4,0x1,0xce,0x29,0xf2,0x50,
  0x1e,0x6,0x28,0xd0,0x40,0x6f,0x2c,0x53,0x7d,0x44,0x10,0xf5,0xe1,0xc9,0xa3,0x44,
  0x7d,0xe4,0x4d,0xf4,0x86,0xb5,0xfa,0x0,0x3,0x9b,0x33,0xcf,0x2b,0x2a,0x2a,0x5a,
  0xe3,0x85,0x5f,0xe,0xf1,0x18,0x62,0x60,0x96,0xa4,0x52,0xb5,0x81,0xc8,0x8b,0xcf,
  0x28,0xe2,0x20,0x18,0x24,0x18,0x66,0x4c,0xbc,0x8e,0xac,0x2,0x68,0x14,0x71,0x24,
  0xc3,0xa3,0x84,0x3c,0x12,0x82,0x2b,0x24,0x8f,0xf2,0xb9,0xe9,0x63,0x89,0xe4,0x91,
  0xc7,0x7f,0xba,0xf7,0xe4,0xb1,0xf0,0x7f,0xfd,0x6e,0x31,0x75,0x85,0x7a,0x6,0x88,
  0x93,0x1d,0x6a,0x5d,0x52,0x18,0x2a,0x6d,0xdc,0x7b,0x39,0xaf,0xd5,0x47,0x1b,0x55,
  0xac,0xef,0x84,0xb5,0x12,0xf5,0xb1,0xeb,0xcf,0xa7,0xea,0x23,0x99,0x36,0xd8,0x1,
  0x88,0x79,0x2e,0xea,0x3,0x32,0x90,0xf4,0xd5,0x64,0xbf,0xe1,0x9d,0x26,0xa8,0x8f,
  0x75,0xcd,0x73,0xa8,0xa8,0xa8,0xb0,0x5a,0x99,0x0,0x2f,0xb,0x30,0x90,0x3e,0x93,
  0x6,0x41,0xf8,0x59,0x56,0xb0,0x98,0x4e,0x20,0x44,0x96,0x48,0x1b,0x2c,0x12,0x20,
  0x35,0xec,0x3,0xa0,0x51,0xe6,0x37,0xc8,0x71,0xf8,0x9d,0x32,0xbb,0xc3,0xe8,0x87,
  0x45,0x67,0xcf,0x12,0xe8,0xf5,0x40,0xff,0x4e,0xc4,0x10,0x8c,0x5c,0x44,0x1e,0xe5,
  0xc3,0xa6,0xc6,0x1a,0xe6,0x82,0x53,0xcf,0xe3,0xe7,0xfb,0x1f,0x7b,0xf1,0xf7,0xa1,
  0xa8,0x8,0x9c,0x4d,0x19,0x14,0x1e,0x99,0xef,0xa0,0x6a,0x61,0x22,0xf7,0xcc,0x3c,
  0x10,0x7f,0x46,0xab,0x8f,0x70,0xdf,0x24,0x6a,0xa6,0x48,0xec,0xc9,0x23,0x51,0x1f,
  0xed,0x94,0xc9,0x11,0xef,0x68,0x15,0x30,0xf3,0x46,0x1a,0x17,0xa,0x5,0x77,0x55,
  0xa9,0xb9,0xff,0xb7,0x69,0xc3,0xf9,0xe9,0x4e,0x3c,0xff,0x63,0x1f,0x4,0x62,0x9e,
  0x8b,0xfa,0x80,0x25,0xf0,0xe9,0xab,0xdd,0xe3,0xf1,0x6d,0xdb,0x6b,0xfa,0xaa,0xa2,
  0x62,0x39,0x88,0xd9,0xb1,0xc4,0x1a,0x4,0x91,0xf5,0x33,0x86,0x22,0x56,0x19,0x59,
  0xd2,0x48,0x7a,0x66,0xa5,0xf3,0x44,0x20,0xda,0xa1,0x15,0x8e,0xe6,0x8d,0x17,0x99,
  0x78,0xd5,0x56,0x26,0xe1,0x79,0xb5,0xa6,0x90,0x87,0x56,0x3f,0xdb,0x25,0x8f,0xf2,
  0x61,0x53,0xfa,0xd8,0xa7,0xad,0x7e,0xf8,0xc5,0xdf,0x85,0xc8,0xa2,0xc,0x4,0x32,
  0x28,0x6a,0x7e,0x8e,0x9a,0x9e,0x53,0x33,0x3d,0xf5,0x3a,0xa8,0xe9,0xb8,0x77,0x69,
  0xd1,0xa0,0x56,0x1f,0x1a,0xdd,0x4c,0x7d,0x34,0x3,0xde,0xc7,0xf4,0xec,0x7c,0xae,
  0xcf,0x95,0xa8,0x8f,0x30,0xf7,0x23,0xa7,0x3e,0x82,0x79,0xae,0xd4,0x87,0xa1,0x3c,
  0xca,0xcd,0xf3,0x8a,0x8a,0x8a,0xd6,0xf0,0x25,0x8a,0x21,0x64,0x91,0xbf,0x98,0x5e,
  0x13,0xc2,0x10,0xa4,0xcd,0xfe,0x5c,0x66,0x17,0x96,0x22,0x1a,0xb6,0xb7,0xd4,0x6a,
  0x8e,0x52,0x6b,0x66,0xc9,0xc3,0x85,0x7b,0x70,0x44,0x9d,0x87,0x47,0x71,0x2a,0xcb,
  0x63,0x6c,0x2a,0x4b,0x93,0xc7,0x8f,0xfe,0xc5,0xf7,0x2a,0x2,0x94,0x19,0xe7,0x9d,
  0xb4,0x2b,0x51,0x2a,0x62,0xee,0x89,0x88,0xfa,0xe8,0xb9,0x53,0xcf,0xd1,0xa0,0xd7,
  0x11,0xd4,0x47,0x97,0x53,0x1f,0x29,0x61,0x28,0xf5,0x91,0x5e,0x13,0xf5,0x71,0x92,
  0x54,0x9a,0x8f,0x55,0x1f,0x62,0x9e,0x7b,0xf5,0x71,0xed,0x68,0xc2,0x9b,0x35,0xcf,
  0x2b,0x2a,0x2a,0x5a,0x79,0xb9,0x5b,0x60,0x60,0x5c,0x95,0x14,0x2c,0xb2,0x30,0x8,
  0xc3,0x20,0xd,0x8b,0x38,0xd0,0x32,0xa3,0x33,0x5b,0x78,0x53,0xe2,0x58,0xbc,0xe6,
  0xd8,0x68,0xc9,0xbe,0x95,0x49,0x85,0x63,0xd,0x73,0x21,0xf,0x49,0x41,0x9,0x79,
  0x8,0x5c,0xd4,0x7a,0xa4,0x77,0xab,0x19,0xe7,0xcb,0xd4,0x87,0x27,0x8f,0xf3,0x50,
  0x1f,0x20,0x30,0xd4,0x7,0x64,0x10,0x99,0xe7,0x85,0x6d,0xdb,0x2b,0x2a,0x2a,0x68,
  0xc1,0x6b,0x20,0x80,0x5c,0x34,0x84,0xac,0x62,0xe9,0xbd,0x7a,0x4d,0x1d,0xb9,0xb4,
  0x98,0x3c,0x97,0xc,0xa3,0xd2,0x69,0x2a,0x81,0xfa,0x5b,0xe5,0x79,0x88,0xb,0x9,
  0xc9,0xc9,0x1a,0x2b,0xbf,0xc4,0x51,0x8d,0xc5,0xd5,0x5e,0xa,0x92,0x9b,0x85,0xba,
  0xbf,0x84,0x3c,0x4,0xe7,0x39,0x6c,0x2a,0x90,0x47,0xff,0x93,0xa7,0xe4,0xd1,0xea,
  0x1d,0x55,0xd,0x72,0xab,0x8,0x9a,0xe4,0x7b,0x9c,0xba,0x6a,0x1,0x44,0x7d,0xd0,
  0xac,0xe3,0xae,0xbf,0x4f,0xab,0x8f,0xc9,0xec,0x9f,0xd0,0xae,0xa4,0x63,0x4f,0x1e,
  0xda,0x33,0x17,0xf5,0xd1,0xf9,0xf3,0xbb,0x2b,0xa8,0x8f,0xdd,0xb9,0xfa,0x68,0x95,
  0xfa,0xd0,0xce,0x47,0xbb,0x43,0xac,0xd5,0x7,0x64,0xe0,0xd3,0x57,0x5a,0x7d,0x80,
  0xc2,0xf3,0x57,0x6d,0xdb,0x5e,0x51,0x51,0x61,0x82,0x40,0xa0,0x7c,0x84,0xd2,0x0,
  0x5,0xcb,0x37,0x61,0x40,0x96,0xd0,0xa4,0x21,0x91,0x7a,0x23,0xe2,0x8b,0xe4,0x88,
  0xc3,0xe9,0x74,0xd3,0x2a,0x24,0xc2,0xe,0xdc,0x82,0xda,0x70,0x6a,0x3d,0xad,0x4c,
  0xe4,0x6f,0x2c,0x24,0xf,0x36,0xee,0x2b,0x1e,0x36,0xe5,0xc9,0xe3,0xc7,0xff,0xec,
  0x7,0x70,0xa8,0x18,0xb0,0xeb,0x3a,0xd0,0x4,0xdd,0xc7,0xa9,0xab,0x66,0xc8,0x27,
  0xa1,0x5,0x5f,0x44,0x46,0xd5,0x92,0xa3,0x44,0xa9,0x8,0x31,0x68,0x50,0x1f,0xd4,
  0x87,0x27,0x8f,0x41,0xf5,0xd1,0x66,0xd5,0x47,0x68,0xd7,0x9e,0x51,0x1f,0xab,0x16,
  0xe,0x5e,0x9b,0x99,0xe7,0xfb,0xa7,0xea,0xe3,0x25,0xab,0x6f,0xdd,0x35,0xee,0xa9,
  0xa8,0xa8,0x68,0xe5,0x85,0xbe,0xd,0x68,0x92,0x48,0xd2,0x53,0x46,0xba,0x2b,0xf1,
  0x45,0x74,0xa,0x8b,0x12,0x4f,0x44,0x60,0x1c,0xb,0x31,0x30,0x5b,0xe4,0xe1,0xe8,
  0x1c,0xc8,0x43,0xb0,0xc1,0x61,0x53,0x2f,0xfc,0x87,0x9f,0x75,0x9e,0x3c,0x88,0xd2,
  0x62,0x40,0x4f,0x1e,0x82,0x78,0xca,0x60,0x1f,0x4d,0x10,0x14,0xf5,0x1,0x49,0x8b,
  0x92,0xb4,0x33,0x6f,0x9f,0x14,0xc,0x2a,0xf5,0x11,0x41,0xd4,0x87,0x27,0x8f,0xa8,
  0xd7,0x95,0xa8,0x8f,0x74,0xbe,0x87,0xa8,0x8f,0x6e,0xb9,0xfa,0x10,0xf3,0x5c,0xd4,
  0xc7,0xd8,0xad,0xbb,0x50,0x51,0x51,0x31,0xa,0xc4,0x80,0xac,0x3,0xa,0x11,0xaf,
  0x67,0x29,0xc,0x4d,0x1e,0xf6,0x2e,0xac,0xbc,0xe2,0xd0,0xea,0x7,0x9,0x74,0xdd,
  0x2,0x5b,0x23,0x6d,0x9,0x48,0x9e,0x67,0xbd,0xa6,0x26,0xf,0x4d,0x5a,0xf9,0xc6,
  0x88,0xe5,0x93,0xa,0x4b,0x87,0x4d,0xfd,0xd6,0x13,0xbf,0xc2,0x9e,0x3c,0xd2,0x62,
  0x40,0x3d,0xa2,0x36,0xbf,0xeb,0x8a,0x9c,0x32,0xce,0x95,0xfa,0xd0,0xc6,0xb9,0xa8,
  0xf,0x4f,0x1e,0xb1,0xfa,0xf0,0xe4,0x61,0xa9,0xf,0x81,0xa8,0xf,0x4f,0x1e,0x25,
  0xea,0x3,0x32,0x10,0xf3,0x5c,0xd4,0x7,0x18,0x18,0x67,0x9e,0x57,0x54,0x54,0x50,
  0xd2,0x4,0x11,0x90,0x4b,0x22,0x5e,0xaf,0x41,0xc7,0x71,0xe4,0xbc,0x12,0x5d,0x1c,
  0x28,0x41,0x4d,0xe4,0x8d,0x34,0x9a,0x38,0xe6,0xd7,0x9a,0x46,0x9e,0x53,0xc6,0xf8,
  0x88,0x54,0x51,0x33,0x5b,0x57,0xff,0x7e,0x59,0x5b,0x77,0xf8,0x65,0x66,0x83,0x34,
  0xca,0x76,0x62,0x95,0xe,0x9b,0xba,0x7c,0x21,0xc,0x41,0xc2,0x38,0x75,0x5,0x51,
  0xea,0xaa,0x99,0xa7,0xae,0xda,0x28,0x75,0x35,0x69,0xa5,0x2e,0x84,0xc2,0xf7,0xc9,
  0x62,0xea,0xa,0x14,0xfa,0x56,0x9e,0x53,0xdd,0x75,0xa5,0x98,0x50,0x11,0xc3,0xae,
  0xa8,0x8f,0x56,0xa9,0xf,0x85,0x44,0x7d,0xec,0x2f,0xaa,0x8f,0x76,0xa6,0x3e,0x86,
  0x3a,0x26,0xaa,0xad,0xbb,0x69,0xe1,0xe0,0xfd,0x0,0x82,0x97,0xe4,0xb6,0xee,0xbe,
  0xd,0x54,0x54,0x54,0xac,0x97,0xc2,0x72,0xc,0x5b,0x42,0xec,0x8f,0x24,0xd5,0xe4,
  0xa,0xcc,0xcb,0x77,0x61,0xe9,0x97,0xa1,0xcb,0xa7,0xb7,0x56,0xde,0x91,0xe5,0x78,
  0x4e,0x1e,0x39,0x3f,0x4,0xd9,0x81,0x55,0x89,0xfe,0x6c,0xf,0x9b,0xda,0x6b,0x2f,
  0x1,0xc6,0xa9,0x2b,0x88,0x52,0x57,0x8d,0xba,0xee,0xe4,0xbb,0xaa,0xef,0x60,0xfd,
  0x1d,0xb9,0x8f,0x7a,0x5e,0x69,0xf5,0xa1,0xb7,0xf2,0x76,0x2e,0xdd,0xb6,0xdb,0xf8,
  0x73,0x63,0xd5,0xc7,0xe,0x71,0xd3,0x8b,0xfa,0xc8,0x34,0x4d,0xdc,0x6b,0x78,0x32,
  0x6d,0x78,0x59,0xe1,0xe0,0xb5,0xcb,0x13,0xde,0x3b,0x5a,0xde,0x75,0xf7,0x1f,0x5f,
  0xf3,0x34,0x7d,0xf5,0xdf,0xeb,0x6c,0xdd,0xad,0xa8,0xa8,0x68,0x87,0x5e,0xea,0x84,
  0x8c,0x1b,0x23,0x9,0x9b,0x30,0x52,0xd2,0x28,0x27,0xe,0x70,0x0,0x52,0xb3,0x61,
  0x92,0x8,0x11,0x31,0x12,0x8,0xb2,0x66,0xba,0xa3,0x6c,0x33,0xc5,0x67,0x7d,0xd8,
  0x94,0x2c,0x72,0xa1,0xb9,0xc0,0x21,0xf3,0xa4,0x53,0x57,0xe9,0x90,0x28,0x72,0x3d,
  0xa3,0x26,0x5,0x9d,0xa6,0xa,0xb,0x24,0x1e,0x88,0x36,0xce,0xb5,0xfa,0xa0,0x86,
  0x6,0x3b,0xf0,0x82,0x42,0x27,0xea,0xa3,0xb7,0xd5,0x87,0x40,0xab,0x8f,0xe3,0xa4,
  0xde,0xc3,0x56,0x1f,0x2,0x31,0xcf,0xb5,0xfa,0x80,0x8a,0x8a,0x8a,0x62,0xb4,0x48,
  0xc0,0xec,0x0,0xd,0x12,0x30,0x61,0x93,0x85,0x4d,0x18,0x36,0x69,0xa4,0xc4,0x81,
  0x4b,0x1a,0x2c,0xae,0xba,0x3d,0x96,0x21,0x14,0x8,0xea,0xb5,0x34,0x79,0x68,0x13,
  0x7f,0xb,0xe4,0x51,0xd4,0xa1,0x77,0x6f,0xef,0x22,0x28,0xf2,0x8,0xa9,0x2b,0x17,
  0xa5,0xae,0x5c,0x1f,0x7d,0x57,0xd7,0xfd,0x93,0x9a,0x24,0xdc,0x6a,0xc6,0xf9,0x32,
  0xf5,0xe1,0xc9,0xe3,0x66,0x53,0x1f,0x3e,0x7d,0xa5,0xd5,0x7,0x54,0x54,0x54,0x8c,
  0x6,0xc9,0x4b,0xfe,0xbc,0x42,0x93,0x45,0x1c,0xf9,0xe1,0x52,0xb4,0xe0,0x7b,0x8,
  0x69,0x48,0x28,0x33,0x3d,0xa9,0x2d,0x1,0xa0,0xb3,0x7b,0x9,0xd1,0x7c,0x29,0x4b,
  0xc4,0xaa,0xc3,0xc7,0xfc,0xef,0x27,0x60,0x96,0x7b,0xc,0x62,0x78,0x36,0xc9,0x23,
  0x80,0xef,0x6e,0xee,0x56,0xbe,0x87,0x47,0x3b,0x90,0xba,0x6a,0x7,0x52,0x57,0x98,
  0xa6,0xae,0xa4,0xe7,0x95,0x36,0xce,0xd5,0x39,0x51,0x1f,0xdd,0xd9,0xb9,0x9d,0x5,
  0xf5,0xd1,0xa8,0x73,0x1e,0xa2,0x3e,0x3c,0x79,0x9c,0x87,0xfa,0x0,0x81,0xa1,0x3e,
  0x36,0xd7,0xf7,0xaa,0xa2,0xa2,0x82,0xf2,0x53,0x3,0xc7,0x3,0x39,0xff,0xb3,0x68,
  0xac,0x3,0xab,0x50,0x85,0x84,0xcc,0x12,0x20,0xe0,0xf0,0x23,0xcf,0x4a,0x63,0x43,
  0xa0,0x64,0x42,0xa1,0x98,0xeb,0xc1,0x10,0x67,0x37,0xc2,0x7b,0xa0,0xf0,0xbc,0x32,
  0xe3,0xc3,0x4b,0xd7,0xb1,0xf,0xf9,0x9d,0x7a,0x22,0xa1,0x4d,0x1a,0xdb,0x2f,0x2a,
  0xc,0xa,0x44,0x3c,0x10,0x29,0xfe,0xeb,0x43,0x2a,0xaa,0x85,0x79,0x93,0xc4,0xa6,
  0x67,0x98,0xcc,0xbf,0x53,0x83,0x49,0xea,0x4a,0x7b,0x22,0xfe,0xfb,0x8e,0xaa,0x12,
  0xa4,0x56,0x54,0x89,0x2e,0x1c,0x94,0x62,0x42,0x7d,0xdf,0x94,0x25,0x75,0x25,0x8d,
  0x12,0x3d,0x9a,0x36,0xa8,0xc,0xda,0x21,0x86,0xfd,0x15,0xd4,0xc7,0xc5,0xa0,0x3e,
  0xda,0x44,0x7d,0xa4,0x6d,0x4b,0x44,0x7d,0xc0,0x0,0x5e,0x5d,0xa,0x7,0x95,0xfa,
  0x80,0x8a,0x8a,0x8a,0xb2,0x3a,0x10,0x66,0xc0,0xd4,0x4b,0x28,0x87,0x55,0x63,0xc2,
  0xc0,0x9c,0xbb,0x0,0xa,0x8c,0xb1,0xa1,0xe,0x49,0xd,0x88,0xc0,0xad,0xd1,0xca,
  0x84,0x98,0xb5,0xd2,0x11,0xf2,0x58,0xab,0x99,0xe2,0x76,0x87,0x4d,0xa5,0x6b,0x5c,
  0x6c,0x2f,0x8a,0x4f,0x3,0xbd,0x90,0xc7,0x40,0xdd,0x7,0xb9,0xa8,0xe,0x84,0xbb,
  0x28,0x75,0x25,0x9e,0x88,0xf6,0x30,0xf4,0x58,0x5b,0xa9,0x42,0xc7,0xa4,0x7,0x56,
  0xd3,0x62,0x32,0x81,0xd0,0x13,0xc3,0x54,0xd4,0x87,0x42,0xdb,0x1b,0xea,0x63,0x77,
  0x3d,0xf5,0xb1,0x77,0x64,0x14,0xe,0x16,0x6f,0xdd,0xad,0xa8,0xa8,0x68,0xf5,0x8b,
  0xbe,0x1c,0x36,0x59,0x58,0x84,0x61,0x93,0x86,0x4d,0x1c,0xc8,0xc8,0xda,0xf0,0xb6,
  0x49,0x24,0x25,0x8e,0x21,0xf2,0xa0,0xf0,0x89,0xe7,0x48,0x1e,0xbc,0xe2,0x31,0x64,
  0xd6,0xe0,0xcb,0xa7,0xa,0x44,0xc8,0x43,0xee,0xd3,0xe6,0xb9,0x57,0x1f,0xe4,0xe2,
  0xd4,0x95,0x26,0x85,0x84,0x68,0x12,0xf,0xa3,0x8f,0x8c,0xf3,0x2e,0x28,0x92,0xac,
  0x71,0x2e,0xdf,0x45,0x7d,0x48,0x7f,0xab,0x95,0xbd,0x8f,0x2e,0xa8,0x8f,0xa3,0x2,
  0xf5,0x71,0xf9,0xda,0x3e,0xff,0x87,0x52,0x1f,0x50,0x51,0x51,0x51,0x8c,0x36,0xf7,
  0x62,0x47,0x40,0x2c,0x25,0x8,0x8b,0x30,0xc,0xd2,0x30,0x89,0x23,0x69,0x9b,0x12,
  0x91,0xc8,0x8a,0x69,0x23,0xc0,0x26,0x98,0xe8,0x79,0xd5,0xe1,0x2f,0x1a,0x64,0xb1,
  0xdd,0x49,0x85,0x9c,0x2b,0x36,0xdc,0x6b,0x2f,0x83,0x26,0x3,0x21,0x8f,0x5e,0x52,
  0x57,0x8a,0x4,0xac,0xd4,0x95,0x26,0x1a,0x51,0x1f,0x9,0xb9,0xb4,0x1d,0x83,0x42,
  0x5e,0x7d,0x48,0xcb,0x92,0x54,0x7d,0x78,0xf2,0x38,0x2f,0xf5,0x1,0x19,0x94,0x6f,
  0xdd,0xad,0xa8,0xa8,0x20,0x40,0x60,0x1f,0x69,0x41,0x21,0xf3,0x98,0x90,0xe7,0x74,
  0xc8,0xda,0x71,0xc8,0xd,0xe2,0x2d,0x48,0xc8,0x73,0xda,0x84,0xd7,0x85,0x83,0x42,
  0x1e,0x7a,0x80,0x94,0xf,0x55,0x64,0x28,0xcf,0xae,0x58,0x40,0x28,0x20,0x26,0x74,
  0xb,0xcd,0x14,0xe3,0xf5,0x90,0x1d,0x3b,0x46,0x83,0x34,0xa,0xc8,0xa3,0xbc,0xbd,
  0x3b,0xb7,0x6d,0xcb,0x97,0x4e,0x15,0x8,0xb9,0x3e,0x22,0x7,0x21,0xf,0xd5,0x91,
  0x77,0x22,0x44,0xdb,0x31,0x36,0x24,0xdf,0x93,0xed,0xbc,0x52,0x14,0x8,0x2,0x69,
  0xa0,0x18,0x11,0x49,0x33,0x4b,0x5d,0x2d,0xcc,0x3f,0x9f,0xa9,0xd,0xa9,0x24,0xd4,
  0xdd,0x75,0x3d,0x79,0xe8,0x7a,0x41,0x99,0x38,0xe8,0xc9,0xc3,0x52,0x1f,0x77,0x69,
  0xf5,0x71,0x51,0x37,0x4d,0x4c,0xe1,0xd3,0x57,0x5a,0x7d,0x40,0x45,0x45,0xc5,0xe6,
  0xe7,0x81,0xb8,0x73,0x4b,0x63,0xd9,0xbe,0xa,0x13,0x18,0xf5,0x1f,0xe9,0xf3,0x8e,
  0xd2,0x14,0x57,0xe6,0xd9,0xe4,0x98,0x99,0xb3,0x2d,0xdd,0x65,0x6d,0x59,0x53,0xaf,
  0x87,0x64,0xf9,0x20,0xdb,0x1f,0x36,0x95,0x2a,0x90,0x4b,0x9e,0x20,0x24,0x75,0xa5,
  0x6a,0x3d,0x14,0x79,0x88,0x99,0xce,0x9d,0xbe,0x96,0x90,0x2,0x39,0x52,0xdf,0x3b,
  0xe,0x5b,0x7e,0xd3,0xd4,0x15,0x28,0xc,0xcd,0x3f,0x9f,0x4e,0x86,0xdb,0xb5,0x37,
  0x9d,0x4a,0x65,0x29,0x88,0xfa,0xf0,0xe4,0x1,0x11,0x26,0xd3,0x3,0x3e,0xcc,0xa8,
  0xf,0xd9,0xba,0xab,0xd4,0x87,0x5d,0x38,0x58,0x51,0x51,0xb1,0x36,0xda,0xa5,0x2f,
  0x76,0x64,0x2c,0x20,0x7,0x93,0x2c,0xc,0xd2,0xb0,0x88,0x23,0x4d,0x6f,0xb1,0x33,
  0x49,0x84,0x4f,0x91,0x39,0x87,0x8a,0x38,0x92,0x75,0x5c,0x1,0x79,0x6c,0x62,0xd8,
  0x94,0xd5,0x64,0xd1,0xab,0xf,0x7f,0xbc,0x3f,0xb9,0x8c,0xfe,0x53,0xfb,0x1e,0x7d,
  0xec,0x7b,0x38,0x7d,0x8d,0x78,0xf1,0xfb,0x22,0x29,0x74,0xca,0x38,0x4f,0x52,0x57,
  0x4a,0x3d,0x74,0x51,0xea,0x8a,0x5c,0x50,0x1f,0x9e,0x3c,0x0,0x86,0xd5,0xc7,0xe2,
  0xf9,0xe1,0x69,0x83,0x59,0xef,0x43,0xd4,0xc7,0x49,0xb1,0xfa,0x60,0xa8,0xa8,0xa8,
  0x58,0xb,0xad,0xbc,0xd0,0xd1,0x1,0x16,0x10,0x83,0x4d,0x14,0xe3,0x9,0x23,0x25,
  0xd,0x9b,0x38,0xe4,0x5e,0x7b,0x24,0x6c,0x80,0xa9,0x3a,0x6,0xc6,0xdd,0xe2,0x96,
  0xc9,0x83,0x57,0x23,0xf,0xd9,0xc6,0xbb,0x27,0xe4,0x31,0xab,0xf5,0x18,0x2e,0x1a,
  0x44,0xf6,0x8a,0x82,0x22,0x75,0xa2,0x14,0x49,0xd4,0x4d,0x57,0xab,0x8f,0x38,0x75,
  0x5,0x2,0x49,0x5d,0x39,0x4a,0x8,0xc2,0x47,0xaa,0x3e,0xe4,0xfc,0xad,0xa8,0x3e,
  0x2a,0x2a,0x2a,0x48,0xfb,0xe,0x1b,0x8c,0xd4,0x53,0x61,0xc7,0x71,0xc,0xd5,0x8f,
  0xe8,0xea,0x73,0x89,0x26,0x2a,0x36,0x1c,0x9a,0x19,0xb2,0x78,0x6f,0x38,0x56,0x3e,
  0xc7,0xd2,0x17,0x34,0x35,0xfe,0xb9,0x94,0x3c,0x92,0x66,0x8a,0x23,0x4c,0xf4,0x2d,
  0x90,0x7,0x28,0xf2,0x10,0x70,0xb,0x2d,0x5c,0xd8,0xdd,0x67,0x4d,0x1e,0x52,0xeb,
  0x31,0x81,0xb9,0xef,0x41,0xd,0xf1,0x64,0xc5,0xd4,0x95,0x3c,0xab,0xd5,0x87,0x7e,
  0x46,0xab,0x8f,0x1d,0x4d,0x1a,0x93,0x13,0xde,0x83,0x39,0x44,0x7d,0xc4,0xa3,0x6a,
  0xdb,0xa0,0x3e,0x54,0xb3,0x44,0x5b,0x7d,0xec,0x8c,0x50,0x1f,0xe7,0x33,0xf3,0xa3,
  0xa2,0xa2,0x82,0x98,0x1d,0x2f,0xb,0x30,0x20,0xf7,0x19,0x31,0x48,0xc,0xda,0xfc,
  0xf6,0x11,0x57,0x9f,0xeb,0xa,0x74,0xdd,0xaa,0xc4,0x87,0x30,0x93,0xbe,0x5f,0x28,
  0x45,0x2a,0xdf,0xf3,0xc4,0x91,0x4e,0x15,0x74,0xc,0x73,0xa3,0xbe,0x1,0xd0,0x6b,
  0x2,0x2c,0xfc,0x1e,0x23,0x36,0x3d,0xa9,0x30,0xaf,0x9e,0x84,0x3c,0xe2,0x35,0x2f,
  0xec,0xde,0xcd,0xe2,0x6e,0x51,0x32,0xf3,0xa3,0xb,0xd7,0xf4,0x4e,0xac,0x49,0x94,
  0xba,0xda,0x49,0x53,0x57,0xbd,0x54,0xa1,0x2b,0x34,0xed,0xa2,0x4a,0x21,0xff,0xdd,
  0x2d,0xaa,0x8a,0x69,0x3f,0xb0,0x6d,0x77,0x1f,0x40,0xab,0xf,0x8d,0xac,0xfa,0xd8,
  0x1f,0xa1,0x3e,0xb6,0xd2,0xb6,0xa4,0xa2,0xa2,0xa2,0xd5,0x2f,0x6b,0x76,0x8c,0x43,
  0x4,0x1,0x6b,0x40,0xd6,0x1d,0xeb,0x9d,0x68,0xb2,0xd0,0xa4,0x91,0xce,0x63,0xb7,
  0xe7,0xa3,0xdb,0xa6,0x73,0x5a,0x90,0x38,0xdc,0xf,0x4b,0x48,0xc9,0xa8,0x3,0xd9,
  0xf0,0xb0,0xa9,0x74,0x2d,0x9b,0x3c,0x7c,0x5c,0xdc,0xbd,0xc0,0xff,0x75,0xad,0x17,
  0xf2,0x48,0x6b,0x3b,0x98,0xa2,0x61,0x52,0x5d,0x44,0x2,0x71,0x4b,0x93,0xd4,0x38,
  0xf7,0xe4,0xa1,0x8c,0xf3,0xb4,0xde,0x63,0x72,0x92,0xf4,0xba,0x3a,0x53,0x1f,0x93,
  0x54,0x7d,0x9c,0xac,0xa1,0x3e,0x6e,0x14,0xa8,0x8f,0xcd,0x6c,0xdd,0xad,0xa8,0xa8,
  0x68,0x93,0x97,0xfe,0x56,0x77,0x60,0x95,0x93,0x46,0x42,0x1c,0x92,0xde,0x22,0x7,
  0xab,0x76,0xe3,0x7d,0x9b,0x57,0x79,0xf,0x78,0x9d,0xfb,0xdf,0xc8,0x1,0x31,0x87,
  0xb,0xd,0x27,0xb5,0x2d,0xcc,0xdc,0x60,0x2b,0x4,0xbb,0xd,0xf2,0x30,0x52,0x6f,
  0xf9,0xe3,0x4b,0xed,0x15,0x21,0xba,0x5,0xf2,0xf0,0xea,0x83,0x98,0x92,0x56,0xed,
  0xa2,0x54,0xa8,0x4d,0x52,0x57,0x4b,0x6b,0x3e,0xba,0x7e,0xd1,0x38,0x17,0xf5,0xd1,
  0x18,0xc6,0xf9,0xc9,0x4c,0x95,0x78,0xf2,0x18,0x50,0x1f,0x8a,0x4c,0x94,0xfa,0x98,
  0x56,0xf5,0x51,0x51,0x71,0x4b,0xed,0xc2,0xd2,0x40,0x24,0xdc,0x88,0x32,0x19,0x20,
  0x8b,0x46,0x55,0x7e,0xeb,0xb3,0x42,0x1c,0xa9,0x61,0xae,0x9f,0x1,0x4e,0x89,0xaa,
  0x1,0xe4,0xd5,0x95,0xc8,0x3,0x77,0xbf,0xa,0xfa,0xb0,0xbd,0x8d,0xf1,0xe4,0x21,
  0xc7,0x85,0xe4,0x21,0xd0,0xa6,0x79,0x56,0x81,0xec,0xb7,0xfb,0x69,0x8f,0xab,0x6,
  0x59,0xc8,0xa3,0x57,0xd7,0x26,0x30,0xf1,0xa,0x44,0xc8,0x43,0x79,0x20,0xde,0xcd,
  0x98,0xaa,0xd4,0x95,0x3f,0xb3,0xe3,0xbb,0xee,0x9e,0xa9,0xf,0xea,0x43,0x7f,0xac,
  0xe,0x76,0xa5,0xe7,0x15,0xab,0x52,0x3e,0x98,0xf6,0xf3,0xad,0xbb,0xfb,0x67,0x2b,
  0xed,0x9d,0xa9,0x92,0x93,0x5e,0xdf,0x77,0x1,0x4e,0xba,0xa3,0xd9,0x98,0xda,0xd3,
  0xf0,0x24,0x2,0xbe,0x92,0xfe,0x10,0x44,0x7d,0x4c,0xf6,0x5b,0xe,0x95,0x1f,0x37,
  0x94,0xfa,0x98,0xc,0xa8,0x8f,0x17,0x0,0xc0,0xff,0x28,0xf5,0x71,0x89,0x1,0x5e,
  0x17,0x0,0x9e,0xd4,0xda,0xe3,0x54,0x7d,0x7c,0xe9,0xe6,0xd4,0x47,0x45,0x45,0x25,
  0x10,0x95,0x2e,0x41,0xc0,0x65,0x5e,0x47,0x1,0x49,0x28,0x68,0xb2,0x48,0x81,0x60,
  0xcf,0x4,0x71,0xb8,0x6c,0x3e,0x3a,0xae,0x4c,0x1c,0x63,0x8,0xc2,0xba,0xd7,0x50,
  0xb,0xa5,0xe4,0xc1,0x16,0x79,0xe8,0xe3,0x4b,0x7b,0x57,0x3c,0x41,0xc,0xce,0x3a,
  0x4f,0xfb,0x61,0x75,0x83,0x6d,0x4b,0xa8,0x99,0x4a,0xea,0x4a,0xa5,0xb6,0xa6,0x3,
  0xad,0x4a,0xe4,0x9c,0x18,0xe7,0x49,0x8b,0x92,0x24,0x95,0x15,0xd4,0x47,0xc3,0x9e,
  0x3c,0x40,0xe1,0xb8,0x1b,0xf6,0x3f,0xe,0xa7,0x37,0xce,0xd4,0x87,0x27,0x8f,0x61,
  0xf5,0xb1,0x7b,0xaa,0x3e,0xfe,0x67,0x40,0x7d,0x3c,0x79,0x8e,0x4d,0x13,0x2b,0x2a,
  0x2a,0x48,0xcc,0x68,0xd5,0xdd,0xb6,0x38,0xe2,0x92,0x74,0x4f,0x16,0x71,0x68,0xc2,
  0xd0,0xa1,0x53,0x58,0x12,0x61,0xd,0x60,0x89,0xd8,0x8c,0xd7,0x6,0xbc,0x90,0x5d,
  0x54,0xb7,0x61,0x1d,0xaf,0x3d,0xa6,0x56,0x20,0xdf,0xb7,0x41,0x1e,0x16,0x21,0xee,
  0x4f,0xf6,0x53,0xb2,0xe0,0x9e,0x7b,0xe5,0x89,0x68,0xc3,0x9c,0x5a,0x51,0x19,0x52,
  0x69,0x3e,0x55,0xc4,0xb1,0x98,0xda,0x12,0xf5,0xa1,0x15,0x47,0xe7,0x2,0x71,0x48,
  0xbb,0xdd,0x69,0xf0,0x3a,0x74,0x8b,0x12,0x51,0x1f,0x89,0x71,0x2e,0xea,0x3,0x4,
  0x97,0x60,0x51,0x7d,0x44,0x8,0xea,0xe3,0xe5,0xd2,0xf3,0x2a,0xf5,0x3e,0x9e,0x2b,
  0xea,0x23,0x6e,0x9a,0xf8,0x7a,0x5c,0xd5,0x47,0x45,0xc5,0x79,0x4c,0x24,0xdc,0x22,
  0x84,0x24,0x2c,0xcf,0x23,0x3b,0x75,0x90,0xf2,0xfd,0xaf,0xb4,0x4a,0x22,0xc6,0x62,
  0xf5,0x51,0xe4,0x77,0xd8,0xa4,0x31,0x9e,0x3c,0x4,0xe6,0x58,0xdb,0xcb,0x9e,0x2c,
  0x54,0xea,0x4a,0x35,0x56,0x54,0xe4,0xd1,0x7b,0x43,0x5c,0x13,0x41,0x43,0x2c,0x9e,
  0x46,0x1f,0xb5,0x30,0xd1,0xa9,0x2b,0x8,0x50,0xa9,0x2b,0xd5,0xf3,0x2a,0x2a,0x12,
  0x9c,0x8a,0x27,0xa2,0x90,0x55,0x1f,0x7b,0x61,0x60,0x94,0xa5,0x3e,0x4,0x55,0x7d,
  0x54,0x54,0x3c,0xbb,0x68,0xe3,0x17,0x3a,0x3,0xe3,0xa6,0x49,0xa2,0x80,0x30,0xc,
  0xd2,0x48,0x89,0x3,0x9,0xce,0x2d,0x85,0xf5,0x2c,0x92,0xc7,0xa8,0xf6,0xee,0x97,
  0xf7,0x2f,0xf9,0x63,0x54,0xe4,0x91,0x34,0x4f,0xec,0xdb,0x28,0x75,0xa5,0x8a,0xa,
  0x35,0x79,0x78,0x82,0x11,0xf2,0xc8,0xa6,0xae,0x26,0xa2,0x2c,0xd4,0x77,0xa7,0x53,
  0x57,0xda,0x38,0x6f,0x38,0x52,0x1f,0xc9,0xc0,0x28,0x51,0x1f,0x9e,0x3c,0x46,0xab,
  0x8f,0xeb,0xdb,0x52,0x1f,0x15,0x15,0x15,0x34,0xf4,0xf2,0x2f,0x8d,0x98,0x28,0x6,
  0x22,0x3b,0x8d,0x50,0x37,0x48,0x94,0x18,0x2a,0x36,0x24,0x76,0x2c,0xd1,0xa8,0x42,
  0x48,0x75,0x6f,0x41,0xa,0xcb,0x4c,0x59,0x8d,0x22,0x8d,0xf3,0x21,0x8f,0x7c,0xb5,
  0xfd,0x7e,0x7b,0x37,0x60,0xb4,0x83,0x6a,0xa2,0x8e,0x85,0x3c,0x28,0xaa,0xed,0x20,
  0x4f,0x14,0x8e,0x78,0x7,0xe4,0xfb,0xa2,0xef,0x11,0xa7,0xae,0x1a,0x49,0x5d,0x81,
  0x4e,0x5d,0xa5,0xdb,0x79,0x3d,0x71,0xec,0xc3,0x1c,0x62,0x9c,0x83,0x82,0x57,0x1f,
  0x93,0x2e,0xdd,0xb6,0x3b,0xa4,0x3e,0xee,0x5f,0x41,0x7d,0xbc,0xa0,0xaa,0x8f,0x8a,
  0x8a,0x73,0x47,0x9b,0x28,0x81,0x2,0x94,0xcc,0x47,0x77,0x8c,0x2b,0xb5,0x35,0x21,
  0x72,0x2b,0xcd,0x47,0x77,0xe1,0x3e,0xd,0x2e,0x55,0x22,0x23,0x88,0xa3,0xbc,0xd5,
  0x89,0x4d,0x1e,0x9c,0x5b,0xe7,0xc2,0x64,0x5f,0x7c,0x8f,0xa0,0x3a,0x1a,0x80,0x3e,
  0xa9,0x38,0x17,0xf2,0xd0,0xa9,0x2b,0x5d,0x59,0x4e,0x2c,0x1e,0x49,0xe3,0x54,0xea,
  0x6a,0xd7,0x13,0xc9,0x94,0x9b,0x6c,0xea,0x2a,0xdc,0x1f,0xa7,0xae,0x4e,0x44,0x7d,
  0x8,0x2e,0x6,0x5,0x22,0xa9,0x2b,0x50,0x58,0xa6,0x3e,0xf6,0xaa,0xfa,0xa8,0xa8,
  0xb8,0x69,0xd0,0xc6,0x2f,0x75,0x76,0x80,0x9b,0x24,0x9,0x8b,0x30,0x4a,0x49,0x23,
  0xd7,0x49,0x77,0x4,0x49,0xd8,0xa9,0xab,0xed,0x93,0x7,0xb,0x79,0x8c,0x6d,0xef,
  0x1e,0x8,0xe4,0x82,0x90,0x87,0xa4,0xaf,0x96,0xfa,0x1e,0xfa,0xc5,0xdf,0x69,0xdf,
  0xa3,0x5d,0x24,0x8a,0x6e,0xe2,0x89,0x44,0x11,0x4d,0x26,0x75,0x95,0x34,0x4a,0x94,
  0x7b,0x44,0x7d,0xec,0x36,0x69,0xad,0x87,0x2f,0x1c,0xcc,0xa8,0xf,0x4f,0x1e,0xa0,
  0x70,0x6d,0x5,0xf5,0xf1,0x37,0x55,0x7d,0x54,0x54,0x9c,0x3b,0x5a,0x83,0x0,0x8a,
  0xa1,0x89,0xc2,0x26,0xc,0x9b,0x34,0x6c,0xe2,0x90,0x3e,0x59,0x38,0x82,0x44,0x6c,
  0xaf,0x63,0xcb,0xe4,0x51,0xd4,0xde,0x7d,0xbf,0xbd,0x4b,0x8d,0xb5,0x35,0x7d,0xf,
  0x49,0x5d,0x45,0x8d,0x14,0xa3,0xd4,0xd5,0x24,0x22,0x9a,0x4c,0xea,0x6a,0x94,0x71,
  0x9e,0x57,0x1f,0x49,0xd1,0xa0,0xa8,0xf,0x4f,0x1e,0xb7,0x84,0xfa,0xa8,0xa8,0xa8,
  0x85,0x84,0xe5,0x68,0x4c,0x32,0x49,0x9,0xc3,0x26,0x8d,0xd4,0x60,0x6f,0xce,0xee,
  0x97,0x35,0x4a,0x8c,0x73,0x5b,0x75,0x94,0xce,0x46,0x37,0xc8,0xa3,0xb8,0xbd,0xfb,
  0xfe,0x85,0xbb,0xa4,0x2,0x5d,0x55,0x99,0x77,0x4c,0x9e,0x44,0x32,0xbe,0x47,0x9c,
  0xba,0xda,0x15,0xb3,0xbc,0x97,0x7b,0x87,0x53,0x57,0xd4,0x9f,0xf0,0xd9,0xbd,0x2a,
  0x75,0xa5,0xaf,0xeb,0xd4,0xd5,0x5,0xaf,0x40,0x82,0xfa,0x10,0xe3,0x5c,0xa9,0x8f,
  0x74,0xdb,0xae,0x56,0x1f,0x1a,0xa2,0x3e,0x3c,0x79,0xdc,0x64,0xea,0xa3,0xa2,0xa2,
  0x6e,0xe3,0x25,0x64,0xdc,0x94,0xda,0xb0,0x8,0xa3,0x84,0x34,0x4,0x42,0x1c,0xfa,
  0xde,0xa3,0xee,0x6,0xfc,0xd0,0x9f,0x7f,0xbb,0xfb,0xc8,0x37,0xfe,0x64,0x2,0xc1,
  0xf9,0xaa,0xe,0xdb,0x8c,0xb7,0xc9,0xa3,0xb8,0xbd,0xfb,0x74,0x7a,0x8,0x3f,0xf4,
  0xe8,0xd7,0x3b,0x0,0x20,0x4d,0x1e,0xfe,0xb8,0x37,0x7c,0xf,0x39,0x6e,0x64,0x7b,
  0xae,0x95,0xba,0xd2,0xdf,0xdd,0x62,0xcd,0x47,0x5a,0xef,0x71,0xc4,0x27,0xbb,0xc3,
  0xc6,0x39,0x28,0x98,0xea,0x23,0x82,0xa8,0xf,0x4f,0x1e,0xdb,0x55,0x1f,0x15,0x15,
  0x15,0x2d,0x91,0x63,0xe7,0x8,0xc7,0x12,0x41,0x1,0x51,0x18,0x84,0x61,0x90,0x86,
  0x41,0x1c,0x2,0x22,0xe0,0x3f,0x78,0xea,0x57,0x90,0x7b,0xd7,0x7f,0xd4,0x9b,0x7d,
  0x12,0x1,0x34,0x6,0x71,0x6c,0x4e,0x75,0x6c,0x87,0x3c,0x52,0x92,0x9b,0x4e,0xa7,
  0xf0,0xfd,0x8f,0x7e,0x65,0xff,0x57,0xff,0xfa,0x27,0x14,0x9b,0xe6,0xbd,0xe5,0x7b,
  0xc8,0x10,0xa8,0x11,0xa9,0x2b,0xaf,0x3e,0xf4,0xf7,0x9c,0x71,0xde,0xaa,0xd4,0x95,
  0x56,0x1f,0x82,0x23,0xb5,0x6d,0x57,0xab,0xf,0x31,0xce,0x2d,0xf5,0x21,0x10,0xf5,
  0xe1,0xc9,0x3,0x2a,0x2a,0x2a,0xb6,0xe1,0x81,0x34,0x40,0x4,0xbc,0x8d,0x24,0x96,
  0xe3,0x9e,0x2d,0x2f,0xc4,0x26,0xd,0x64,0xbd,0x36,0xb2,0x63,0x4d,0x1a,0xf1,0xbd,
  0xbf,0xff,0xcc,0x23,0x48,0xc4,0xfd,0x47,0xbc,0xc9,0x27,0x67,0x49,0x64,0x84,0xea,
  0xd8,0x28,0x79,0xc8,0x71,0x1,0x79,0xb0,0x22,0xf,0xfe,0xfe,0x47,0xbf,0x34,0x21,
  0xf,0xaf,0x3e,0x84,0x3c,0xc,0xdf,0x43,0xc8,0x63,0xe5,0xd4,0x15,0x4,0x64,0x53,
  0x57,0x20,0x50,0xa9,0xab,0x48,0x7d,0x64,0x8d,0x73,0x50,0x10,0xf5,0xe1,0xc9,0xc3,
  0x52,0x1f,0x82,0xaa,0x3e,0x2a,0x2a,0xce,0x1f,0x84,0xdc,0xf3,0x50,0xc0,0x48,0xa8,
  0x67,0xb3,0x21,0x35,0x1e,0x52,0xa7,0x61,0xc,0x92,0x1a,0x1c,0x38,0xd5,0x44,0xc3,
  0xa4,0x84,0x38,0x34,0x79,0x2c,0xde,0x8b,0xfc,0x7b,0x4f,0xbe,0x10,0x7f,0xe8,0xc5,
  0xdf,0xd1,0x3,0x74,0x9c,0xbc,0xd8,0x3,0x56,0xaa,0xdb,0x90,0xb8,0x99,0xc9,0x63,
  0xa1,0xe6,0x23,0x32,0xcd,0xa9,0x21,0xde,0x89,0xc8,0x83,0xda,0x68,0xce,0xb9,0x26,
  0x8a,0x11,0xa9,0xab,0x3d,0x95,0xba,0xd2,0xc6,0xb9,0xa4,0xae,0x2c,0xe3,0x7c,0x67,
  0x7a,0x83,0xef,0x5e,0x61,0xdb,0xae,0xa8,0xf,0x4f,0x1e,0x37,0x81,0xfa,0xa8,0xa8,
  0xa8,0x1e,0xc8,0x90,0xe7,0x61,0x93,0x48,0xb9,0x27,0x22,0x84,0x61,0x2b,0x92,0xd4,
  0x20,0x17,0xe2,0xc8,0xdf,0xaf,0x49,0xc9,0xf1,0x1f,0x3c,0xf3,0x30,0x12,0x70,0xff,
  0xe1,0x6f,0xfa,0x69,0x94,0xa8,0x8e,0xc2,0xe6,0x8a,0x23,0xc8,0x43,0x8e,0xc7,0x92,
  0x7,0x2c,0x23,0x8f,0xef,0xf9,0xa3,0xaf,0x70,0x7f,0xfb,0x9f,0x81,0x3c,0x64,0xe7,
  0x55,0xea,0x7b,0x4,0x2c,0x14,0x6,0x66,0x7c,0xf,0xea,0x91,0x9b,0x11,0xa9,0xab,
  0x78,0xf6,0xb9,0x36,0xce,0x5,0xab,0x18,0xe7,0x87,0xc6,0xb6,0x5d,0x88,0x50,0xd5,
  0x47,0x45,0xc5,0xb3,0x8b,0x16,0x1a,0x0,0x7,0xc8,0xb0,0x71,0xd8,0xa4,0x60,0xcf,
  0x42,0x1f,0x20,0xd,0xa3,0x6,0x24,0x3b,0x2b,0x9d,0x81,0x7f,0xe7,0x69,0x9f,0xce,
  0x9a,0xf4,0x1f,0xf2,0x46,0x9f,0x40,0xe3,0x8,0xa3,0x3c,0x65,0x55,0x48,0x1e,0x9c,
  0x23,0x8f,0x1f,0x7c,0xb1,0x27,0x8f,0x3f,0x44,0x12,0xf2,0x68,0x90,0x89,0xe6,0xe4,
  0x21,0x85,0x84,0xba,0xaa,0xbc,0x69,0x95,0x99,0xae,0x7d,0x8f,0x88,0x3c,0xa6,0x76,
  0xea,0x2a,0xdc,0xeb,0x25,0x4f,0xf,0xb0,0x30,0x79,0xb0,0x5f,0xdd,0x38,0xf7,0xea,
  0xe3,0x30,0x63,0x9c,0xeb,0x6e,0xed,0x2f,0x39,0xac,0xea,0xa3,0xa2,0xe2,0x96,0xd9,
  0xc6,0xcb,0xc8,0x58,0x46,0xc,0xf6,0xfd,0x25,0xa4,0xb1,0x2a,0x71,0x68,0xb5,0xf3,
  0xdb,0x4f,0xff,0x32,0x4e,0x61,0xda,0x7f,0xe4,0x1b,0x7d,0x2a,0xad,0x45,0x18,0xcf,
  0x3e,0x79,0x80,0x52,0x1e,0x29,0x79,0xb0,0x90,0x87,0x52,0xc,0xea,0x38,0xea,0x69,
  0x95,0xf5,0x3d,0x34,0x79,0xe4,0x53,0x57,0x72,0x6f,0x94,0xba,0xea,0x53,0xe3,0x3c,
  0x4e,0x5d,0x69,0xf5,0x91,0x35,0xce,0x45,0x7d,0x5c,0xdd,0x65,0x4f,0x1e,0x43,0xea,
  0xc3,0x93,0xc7,0xb3,0xa8,0x3e,0x2a,0x2a,0x2a,0x81,0x8,0x59,0x94,0x12,0x83,0xfd,
  0xbc,0x4d,0x18,0x36,0x69,0xa4,0xc4,0xa1,0x49,0x23,0x47,0x1c,0xba,0x4b,0xef,0x1f,
  0x3d,0xf5,0x42,0x6c,0x98,0xfa,0xf,0x93,0x2d,0xbe,0x25,0x24,0xb2,0x7d,0xf2,0xe0,
  0xc,0x79,0x24,0x3b,0xae,0xa8,0x11,0x7f,0x43,0xba,0xe9,0x2a,0x33,0x7d,0x89,0xef,
  0x31,0x55,0xbe,0x47,0x36,0x75,0x25,0xf7,0x2a,0x45,0x12,0x26,0xf,0x36,0xf3,0xef,
  0x66,0xc5,0xb9,0xa8,0x8f,0xd4,0x38,0x1f,0x53,0x34,0x28,0xea,0x23,0x90,0x47,0x45,
  0x45,0xc5,0xb6,0xd0,0x8e,0x22,0x8b,0x2,0x60,0x86,0x28,0x1a,0x8,0x60,0xb3,0xfe,
  0xc3,0x56,0x1b,0x7a,0x98,0x55,0x13,0xdd,0x4b,0xbc,0x48,0x36,0x7f,0xf0,0xd4,0x43,
  0xe8,0x1a,0xd7,0x7f,0xc4,0x1b,0x7c,0x2a,0x6d,0xa1,0x43,0xaf,0xd1,0x18,0x71,0x1c,
  0x79,0xfc,0xe0,0x8c,0x3c,0xc0,0x43,0x91,0x7,0x71,0x68,0x53,0x42,0xfe,0x9c,0x41,
  0x1e,0xe2,0x7b,0xd0,0xac,0x79,0x62,0x97,0xfa,0x1e,0x61,0xa6,0x87,0xbf,0x96,0x49,
  0x5d,0xc5,0x63,0x6b,0x93,0x9a,0xf,0xa5,0x40,0x7a,0x49,0x5d,0x69,0xe3,0x3c,0xd3,
  0xef,0xa,0x14,0x44,0x7d,0xe4,0x8a,0x6,0x21,0x5,0x43,0x45,0x45,0xc5,0x56,0xd0,
  0xa2,0x51,0xa7,0xc1,0x8e,0x70,0x4,0x31,0x18,0xc8,0x92,0x45,0x39,0x69,0x8,0xc,
  0xe2,0x98,0xdf,0x3,0xfc,0x7,0x4f,0x3e,0x82,0xe4,0x95,0xc8,0x1b,0x7e,0x32,0x6d,
  0x72,0x2e,0x88,0x55,0xe3,0x51,0x4a,0x1e,0x7f,0x71,0x4a,0x1e,0x42,0x6,0x31,0x79,
  0x28,0x42,0x49,0x4d,0x73,0xa7,0x4d,0x73,0xa5,0x32,0x72,0xbe,0x87,0x22,0x8f,0xf5,
  0x52,0x57,0xa9,0x2,0xb1,0x8c,0x73,0xad,0x3e,0x3c,0x79,0x80,0x42,0x55,0x1f,0x15,
  0x15,0x37,0x17,0x5a,0x79,0x99,0x23,0x2,0x1a,0x4,0x51,0x40,0x12,0xf6,0xe,0x2c,
  0xbb,0x33,0xaf,0xe3,0x7c,0xdf,0xae,0xf4,0x19,0x8a,0x76,0x61,0xe5,0xba,0xf7,0xfe,
  0xfe,0x93,0xf,0x9f,0xa5,0xb3,0x3e,0xf8,0x8d,0x3e,0xd1,0x24,0x91,0x82,0x94,0x55,
  0x71,0xab,0x13,0x31,0xcc,0x73,0xe4,0x91,0xa8,0x91,0x9c,0x69,0xde,0x12,0x37,0xb3,
  0xf3,0x24,0x45,0x84,0x2d,0x0,0xb8,0x40,0x1e,0xd2,0x71,0xb7,0xf1,0xd7,0x84,0x1c,
  0xf6,0x2,0x91,0xac,0x9b,0xba,0x3a,0x4e,0x6a,0x3e,0x32,0xc6,0xf9,0xe5,0x53,0xe3,
  0x7c,0x27,0xda,0xb6,0x7b,0x38,0xaa,0x65,0x9,0x43,0x45,0x45,0xc5,0xd6,0xd0,0xa6,
  0x2f,0xfc,0x72,0xd8,0x64,0x51,0x4e,0x1a,0xa5,0xc4,0xa1,0xd5,0xca,0x6f,0x3d,0x13,
  0xd2,0x59,0x1f,0xfa,0xfa,0xa6,0x12,0xd1,0x9f,0xdb,0x27,0x8f,0x7f,0x19,0x26,0xf,
  0x21,0x83,0x75,0xc8,0x43,0x52,0x52,0x42,0x1e,0x71,0x47,0x5d,0x9a,0x9c,0x8,0x91,
  0xac,0x95,0xba,0x3a,0xce,0xd4,0x7c,0xe4,0xfa,0x5d,0x69,0xe3,0xfc,0xe6,0x6e,0x59,
  0x52,0x51,0x51,0xd1,0xca,0x8b,0xdd,0x2,0x39,0xc6,0x7c,0x5a,0xa9,0xdc,0x5c,0x6f,
  0x64,0x5d,0x83,0x34,0x62,0x92,0x20,0x45,0x22,0x63,0x88,0x83,0x8,0x79,0xfe,0xbc,
  0xe3,0xdf,0x7b,0xe2,0x21,0x64,0xe6,0xfe,0xc3,0xde,0xe0,0x53,0x68,0xac,0xea,0xd8,
  0x36,0x79,0x50,0x83,0xc1,0xe7,0xc8,0x90,0x7,0xb9,0x29,0xef,0xf8,0xeb,0x7a,0xc7,
  0x55,0x9b,0xd9,0x95,0xa5,0x9b,0x27,0x2a,0xf2,0xf0,0xa4,0xe1,0xc9,0x43,0x8a,0x4,
  0xa7,0x42,0x1e,0x3a,0x75,0x25,0xd,0x12,0xb3,0xa9,0x2b,0xbb,0xe6,0x63,0x41,0x7d,
  0x1c,0x2f,0x1a,0xe7,0x17,0x4f,0xd5,0xc7,0xc9,0x92,0x6d,0xbb,0x50,0x51,0x51,0x71,
  0xb3,0x6c,0xe3,0x4d,0x77,0x62,0x15,0x10,0x86,0x69,0xca,0x6b,0xb2,0xb0,0x8,0x43,
  0x93,0x86,0x86,0xcb,0xa8,0xd,0x8b,0x38,0x72,0xbd,0xb4,0xfe,0xe0,0x89,0x47,0x90,
  0xc0,0xf5,0x1f,0xf2,0x6,0x9f,0x46,0xeb,0xaa,0x8e,0x11,0xe4,0x21,0xc7,0xa3,0xc8,
  0x3,0x2,0x72,0xe4,0x31,0xbf,0xae,0x4d,0xf3,0x56,0x14,0xc4,0x94,0x49,0x75,0xde,
  0x15,0xb2,0xa0,0x7e,0xaa,0x76,0x57,0x2d,0x92,0x47,0xdb,0x13,0x4f,0x33,0xbe,0x47,
  0xbb,0x43,0x7c,0x62,0xa7,0xae,0xf2,0x35,0x1f,0x62,0x9c,0x5f,0x4e,0x8d,0xf3,0x8b,
  0xc6,0xb6,0x5d,0x51,0x1f,0x5f,0x72,0xaa,0x3e,0xbe,0xe4,0x59,0x51,0x1f,0x15,0x15,
  0x15,0xed,0x26,0xb7,0xed,0x8e,0x27,0x9f,0x26,0xa9,0x7a,0x37,0x49,0x23,0x3b,0x1f,
  0xbd,0x91,0x7e,0x5b,0xd9,0xed,0xbb,0x29,0xf1,0x34,0x91,0x5a,0x41,0xfe,0x9d,0xa7,
  0x5e,0x84,0xcc,0x3b,0xfd,0x87,0xbe,0xe1,0x27,0x90,0xd1,0xa1,0xb7,0x40,0x75,0x8c,
  0x27,0x8f,0x79,0x41,0x20,0x72,0xcf,0xc4,0x0,0x3b,0x40,0x4d,0xc7,0x3d,0x6a,0xf2,
  0x8,0xd5,0xe5,0xbd,0x1b,0x22,0xf,0xcc,0x90,0x87,0x54,0x99,0x47,0xbe,0x7,0xec,
  0x41,0xdb,0x9f,0x44,0xbe,0x7,0x71,0xd0,0x23,0x27,0xd0,0x8e,0x48,0x5d,0x1d,0xed,
  0x35,0x3c,0x69,0x55,0xea,0xea,0x8a,0x27,0x92,0xc8,0x38,0x3f,0x4e,0x8d,0xf3,0x97,
  0x18,0xdb,0x76,0xe1,0x4b,0x9e,0x4d,0xdb,0xa3,0xa2,0xa2,0xa2,0x1d,0xa7,0x2c,0xca,
  0x21,0x64,0x61,0x12,0x86,0x4d,0x1a,0xd9,0x26,0x8d,0x36,0x71,0x40,0x42,0x1c,0x7a,
  0xed,0xdf,0xf3,0x5b,0x7c,0xf9,0xa4,0xff,0xf0,0x37,0xfa,0x34,0x32,0x52,0x56,0xdb,
  0x23,0xf,0xd0,0xe4,0xe1,0xcf,0x5,0x5,0x92,0x92,0x47,0xc7,0xc9,0x8e,0x2b,0x75,
  0xac,0xdb,0xb6,0x93,0x32,0xc6,0x17,0x7d,0xf,0x62,0x21,0x8f,0x69,0xe2,0x7b,0x9c,
  0xb0,0x90,0xc7,0x4a,0xa9,0xab,0xbd,0xff,0x67,0xef,0x2c,0xa0,0x5b,0x47,0x96,0x34,
  0x5c,0x2d,0xd9,0xe,0xd3,0x65,0x66,0x66,0x66,0x18,0x66,0xa2,0xcc,0x32,0x33,0x33,
  0x33,0xd3,0xa1,0x65,0x66,0x66,0x1a,0x66,0x66,0xbc,0xcc,0xcc,0x4c,0xc1,0x2b,0xa9,
  0xb6,0xeb,0xac,0x34,0x53,0xeb,0x8e,0xd2,0x56,0xda,0xce,0x3a,0x77,0xea,0x9b,0xa7,
  0x23,0xa9,0xa5,0x24,0x7e,0xa4,0xef,0xfc,0x55,0xad,0x76,0xd1,0x72,0xed,0xf5,0x24,
  0x12,0xb3,0x74,0x5,0xc,0x4a,0x1f,0x17,0x6d,0xd3,0x76,0x7f,0x86,0xfe,0xf5,0x33,
  0xd2,0xfb,0x10,0x84,0xff,0x47,0x72,0xd,0x5e,0x3d,0x76,0x86,0x57,0x81,0xf0,0x94,
  0xaf,0xc0,0x19,0xf3,0x81,0xee,0x22,0xc,0x53,0x1a,0xa6,0x8c,0x7c,0xeb,0xf4,0x5d,
  0xc5,0xde,0xd,0x89,0xfa,0x1e,0x2f,0x2a,0x73,0xbd,0x7b,0xe4,0xa5,0x78,0x76,0x16,
  0x6f,0xac,0x9b,0x7b,0x47,0x79,0xa4,0x2f,0x4f,0xa2,0xe5,0x91,0x7,0x80,0x30,0x4d,
  0x1e,0xf1,0x18,0xf6,0x23,0xf,0x8f,0x9a,0xe6,0xc9,0xb1,0xbe,0xc6,0x9b,0xe6,0x89,
  0x3c,0x82,0xfc,0xf5,0xa2,0xbe,0x47,0x2c,0xb,0xa3,0xef,0xa1,0x8f,0x59,0x22,0xe1,
  0xf2,0xa0,0xaf,0xa8,0x8d,0x52,0x4a,0x57,0x4d,0x94,0x40,0x82,0xff,0x4d,0x1f,0x5d,
  0xf5,0x4c,0x1c,0x3a,0x7d,0x4,0x4d,0xe6,0x1b,0xe7,0x24,0xf,0xdb,0xb4,0xdd,0x7f,
  0x6a,0xff,0xa7,0x2a,0x10,0x87,0x20,0x8,0xb9,0x1f,0xbb,0xe5,0xf7,0xe1,0x4f,0xde,
  0xfb,0x79,0x3c,0x7c,0x79,0x8f,0x62,0xf,0x7e,0x7,0xec,0xa2,0xb0,0xb,0xc3,0x2e,
  0xd,0xf3,0x67,0xd3,0xc5,0x1,0x29,0xe2,0xd0,0x18,0xe2,0xe0,0x7f,0xe7,0xed,0x23,
  0xcf,0xaa,0x8,0xf5,0xec,0xac,0x25,0xdf,0xeb,0x95,0x92,0x3a,0xca,0x29,0xf,0x28,
  0x41,0x1e,0x21,0x93,0x7,0xc4,0x70,0x79,0x84,0x3,0x94,0x87,0x4e,0x1f,0x45,0x7d,
  0x8f,0xe4,0xd8,0xec,0x7b,0x90,0x3c,0x7a,0x63,0x59,0x14,0x97,0xae,0xf2,0x3a,0x7d,
  0x90,0x3c,0x80,0x41,0xe9,0xa3,0xa6,0x8f,0xd2,0x15,0xc4,0xf0,0xd2,0x55,0x71,0xfa,
  0x98,0xa7,0xe5,0xf1,0x33,0xed,0xff,0x24,0xd3,0x76,0x5,0xa1,0x4a,0xc8,0xb5,0xd6,
  0xd,0x87,0xef,0xde,0xf0,0x1b,0xea,0x9f,0xb6,0xfd,0x76,0xf8,0xfe,0xa1,0x17,0x3d,
  0x28,0x33,0x76,0x59,0x98,0xc2,0x70,0x90,0x46,0xaa,0x38,0xf8,0x35,0x8b,0x38,0xb8,
  0x5c,0xb4,0x44,0x5e,0x50,0xbe,0xef,0x87,0xed,0xb,0xbf,0xcb,0x1b,0x48,0xea,0xb0,
  0xbd,0x20,0x58,0x2e,0x79,0x50,0xfa,0x48,0x91,0x87,0x59,0xa6,0x8a,0xe5,0xc1,0x9b,
  0xe6,0xf1,0x61,0x4a,0xdf,0x83,0x95,0xae,0x58,0xdf,0x23,0x97,0xd2,0xf7,0xa0,0xf4,
  0x41,0xf2,0xe0,0x8d,0xf3,0xe2,0xd2,0x55,0x7,0x2b,0x5d,0xd9,0x1a,0xe7,0xa0,0xd9,
  0xc,0x37,0xc1,0x4d,0xed,0x3f,0xc3,0x84,0x2b,0x8,0x42,0x35,0x34,0xd1,0xb1,0xe0,
  0x17,0xe0,0x2b,0x17,0xff,0x80,0xb7,0x70,0xf4,0xaa,0xe8,0x6f,0x3e,0xf9,0x1d,0xaf,
  0x37,0xb8,0x5a,0xc9,0x25,0xdc,0xed,0xc2,0xf0,0x42,0x2c,0xe1,0xf7,0x9a,0xe2,0xe8,
  0x67,0x86,0x15,0x30,0x22,0xf6,0x70,0x36,0xc5,0x61,0x5e,0x7f,0xeb,0xf0,0x73,0x2a,
  0x2,0x9a,0x9d,0xf5,0x3d,0x1e,0x13,0x87,0x43,0xc9,0xca,0x2e,0x8f,0xe4,0x6f,0xf,
  0x44,0x1e,0x50,0xf4,0x7d,0x20,0x41,0xc4,0x9a,0xe6,0xfa,0x7a,0xe0,0x91,0x3c,0xd8,
  0x32,0xed,0x79,0xea,0x87,0xb0,0xbe,0x87,0x16,0x85,0xcf,0xfb,0x23,0x85,0x5e,0x7d,
  0x8d,0xf5,0x3d,0xa,0xdd,0x8,0x5,0xfa,0xc3,0xfa,0x9c,0xfa,0x1e,0x89,0x2c,0x2,
  0x26,0xf,0x56,0xba,0x2,0x6,0xa5,0xf,0x92,0x7,0xc4,0xd8,0x1b,0xe7,0xcb,0xe1,
  0xcb,0xbe,0xf9,0xcb,0x50,0xeb,0x3,0xd,0x29,0xb,0x82,0x50,0x3d,0xb3,0xb0,0x16,
  0x8f,0xd9,0xe8,0x4d,0xbe,0x65,0x2e,0xfe,0xc5,0x7,0xbf,0x86,0xfb,0xcf,0xef,0x50,
  0x83,0xb1,0x8c,0x3b,0x17,0x86,0x8b,0x34,0xb2,0x88,0x83,0xc9,0x21,0x16,0x47,0xfa,
  0xf5,0x30,0xfe,0x1d,0x6f,0x1e,0x7a,0x51,0x21,0x7a,0x7a,0x76,0xd6,0x77,0x79,0x46,
  0xfa,0xa8,0x32,0x79,0x50,0xfa,0x48,0x95,0x47,0x54,0x24,0xf,0x48,0x97,0x7,0xa5,
  0xf,0x92,0x7,0xef,0x7b,0xf0,0x65,0x4b,0x7a,0x79,0xdf,0x23,0x60,0x53,0x76,0x99,
  0x3c,0x58,0xe3,0x3c,0xa5,0x74,0x95,0xde,0x38,0xbf,0x6d,0x5a,0x1b,0x7e,0xf3,0xf2,
  0x3f,0xe4,0x63,0xd5,0x96,0x40,0x4,0x41,0x12,0x8,0x30,0x5a,0xb,0x23,0xe0,0x7b,
  0xd7,0xfd,0x86,0x7a,0xed,0xc0,0x7f,0x46,0xff,0xbe,0xf3,0xcf,0x54,0x18,0x86,0xe0,
  0x8e,0x5d,0x16,0x5c,0x18,0xe,0xd2,0x60,0xe2,0x30,0xa5,0xd0,0x57,0xea,0x48,0x13,
  0x7,0x93,0x87,0x26,0x80,0xff,0x4d,0x22,0x4f,0x7b,0x11,0x46,0x7a,0x76,0xd6,0xf7,
  0x18,0x12,0xa9,0x52,0x79,0xb0,0x34,0x92,0x32,0xe3,0x2a,0x64,0xbd,0x8e,0x42,0x4a,
  0xdf,0x43,0x1f,0x27,0xf2,0xa0,0xf4,0x91,0xe3,0x22,0xa9,0xa5,0xa5,0xda,0xd3,0xfb,
  0x1e,0x59,0x4a,0x57,0xbc,0x71,0xfe,0x23,0xd3,0x6e,0xc3,0xe5,0xcb,0xbf,0x19,0x62,
  0xb0,0xba,0xc5,0x21,0x8,0x22,0x10,0x8e,0xda,0x34,0xed,0x41,0x6f,0xf2,0x88,0xb9,
  0xd1,0x5f,0x7f,0xf8,0x1b,0x70,0xe6,0xea,0x49,0xe5,0x20,0x7,0x8b,0x2c,0xec,0xc2,
  0x30,0xa5,0xe1,0x2e,0xe,0x7e,0x5f,0xaa,0x38,0x62,0x79,0xf0,0xcf,0xf4,0xde,0xe1,
  0xe7,0x3c,0xdf,0xf7,0xc2,0x2f,0x59,0xa2,0x93,0x8,0x58,0xfa,0x20,0x25,0xca,0x83,
  0xf5,0x3b,0x32,0xc9,0x3,0x8,0x8b,0x3c,0x48,0x16,0xc9,0x75,0x4a,0x1f,0xfc,0x3b,
  0x3e,0xbc,0x90,0x35,0xcd,0xb,0x49,0xaf,0x83,0xf5,0x3d,0x58,0xe9,0xaa,0x58,0x1e,
  0xbc,0x74,0xd5,0x5f,0xdf,0x23,0x6b,0xe9,0x6a,0x26,0xcc,0x80,0x6f,0x6d,0xff,0x56,
  0x98,0xa7,0xff,0x49,0x91,0x46,0x15,0x4a,0x44,0x10,0xa4,0x84,0xc5,0x41,0xd0,0x4c,
  0x6e,0x9e,0xa5,0x7e,0x6c,0xd3,0x1f,0xc0,0x2b,0x87,0xfe,0x2d,0x7c,0x6a,0xe7,0xdf,
  0x7a,0x1,0xf4,0x38,0xf5,0x44,0x6c,0xc2,0x70,0x95,0x46,0x7f,0x69,0x22,0x4b,0xb9,
  0x8a,0x8b,0x83,0x7f,0xbe,0x30,0xe9,0x89,0x1c,0x7c,0x4e,0x51,0x12,0xf9,0x32,0xd6,
  0x13,0xc9,0xb2,0xc8,0xa2,0x96,0x7,0xfc,0xf9,0x87,0xbf,0x14,0xee,0x38,0xfe,0x8e,
  0xe7,0x22,0xf,0xba,0xc6,0xe5,0x1,0x31,0x76,0x79,0x98,0x4d,0x73,0x2e,0x8f,0xd4,
  0xbe,0x47,0x4c,0xa9,0xa5,0x2b,0x22,0x4b,0xe9,0xea,0xee,0x99,0x77,0xc3,0xdd,0x33,
  0xbe,0xcb,0x48,0x1b,0x43,0x28,0x7d,0x8,0x82,0x24,0x10,0x8e,0xef,0xfb,0x70,0xeb,
  0xf4,0x76,0x6f,0xfe,0xc8,0x55,0xf8,0xf7,0x5b,0x7e,0x13,0xf,0x5c,0xdc,0xa5,0x60,
  0x80,0x78,0xbe,0xa5,0x17,0x12,0xc5,0xd7,0x6d,0xd2,0xe0,0xbf,0xc7,0x94,0x94,0x29,
  0xe,0x9f,0x89,0x3,0x53,0xca,0x55,0xc9,0xef,0xc,0xb8,0x38,0xd8,0x75,0x92,0x99,
  0xf7,0xf9,0xd8,0x9b,0x7,0x9f,0x55,0x3e,0xd2,0xec,0xac,0xef,0xf0,0xf2,0xf9,0x7c,
  0x66,0x79,0x6c,0x3d,0xf3,0x96,0x29,0x8f,0x5c,0x2c,0xa,0x26,0x88,0xcf,0xc7,0x98,
  0x3c,0x62,0x99,0x78,0x11,0x93,0x47,0xdc,0x34,0x4f,0x93,0x7,0xc4,0xd8,0xfa,0x1e,
  0x84,0xad,0xef,0x51,0xee,0xd2,0xd5,0x94,0x29,0x37,0xc1,0x57,0xdc,0xf4,0x15,0x38,
  0x3,0x66,0x58,0xfa,0x1d,0xd5,0x24,0x11,0x41,0x10,0x54,0x77,0x77,0xf7,0xdd,0x69,
  0xd7,0xa0,0xf,0xde,0x38,0xf4,0x54,0xf4,0xc4,0xce,0x3f,0x56,0x3d,0x81,0x91,0x46,
  0x8c,0xb2,0x51,0x76,0x59,0x98,0xc2,0xe0,0xd2,0xb0,0x25,0x97,0x28,0x52,0x68,0x48,
  0xc3,0x22,0xe,0xfe,0x7b,0x83,0x58,0x1e,0x86,0x38,0x8a,0xc6,0x3c,0xc,0x31,0xb9,
  0xb6,0x6e,0xda,0x9d,0xd1,0x97,0xcc,0xfd,0x2e,0xa5,0x25,0x2,0x99,0xe4,0x11,0xa9,
  0xe2,0x97,0xfe,0x8c,0xbe,0x6,0x97,0x7,0x17,0x4b,0x98,0x22,0xf,0x3f,0x3e,0xe,
  0x52,0x9a,0xe6,0xfc,0xa5,0x40,0x53,0x1e,0x71,0xaf,0x23,0x96,0x47,0x5a,0xdf,0x83,
  0x4,0xc2,0xe4,0xd1,0xe7,0xac,0x2b,0x92,0x7,0x4f,0x1f,0x24,0xf,0x73,0xb9,0x12,
  0x4a,0x1f,0xb5,0xf8,0xc0,0xca,0x6f,0xc7,0x9b,0xa6,0xdc,0x84,0x29,0xbd,0xe,0xac,
  0xfe,0xfe,0x87,0x20,0x48,0x2,0x51,0xa5,0x7e,0xb3,0xdb,0x86,0x29,0xf7,0xa8,0x45,
  0x63,0xd7,0xe0,0xbf,0x6e,0xff,0x3,0xfc,0xe4,0xd4,0x9b,0xca,0x45,0x14,0xe9,0x65,
  0x2e,0x3f,0x7e,0xb8,0x47,0x25,0x4b,0xc3,0x14,0x42,0x8e,0xbd,0x11,0x6f,0x13,0x7,
  0xc4,0xe4,0x98,0x1c,0xb8,0x30,0x8a,0x25,0x92,0x83,0x30,0xee,0xf7,0xbc,0xb3,0xff,
  0x39,0xe5,0xa3,0x17,0x3d,0xb6,0xe8,0x3b,0x54,0xe,0x72,0x66,0x53,0x9d,0xcb,0x63,
  0xb,0xc9,0xe3,0xfd,0x7e,0xe4,0xa1,0xfa,0x91,0x7,0x9d,0x17,0xf4,0xf8,0xf5,0x3e,
  0xe4,0xe1,0xd,0x54,0x1e,0x2c,0x5d,0xa4,0x35,0xcd,0xbd,0x94,0xbe,0x47,0xa3,0x96,
  0x47,0xd7,0x80,0x4b,0x57,0xb7,0xd,0xbf,0x19,0x57,0xae,0x7d,0x18,0xa7,0xc0,0x94,
  0xd4,0xb4,0x51,0xfd,0xe2,0x10,0x4,0x49,0x20,0x77,0xc1,0x0,0x39,0x7a,0x79,0x6f,
  0xf4,0x2f,0xdb,0x7e,0x1f,0xe,0x5f,0xdc,0xa3,0x1c,0xfb,0x21,0x56,0x61,0x58,0xa5,
  0xc1,0xc8,0x2e,0xe,0x20,0x71,0xa4,0xa6,0xe,0x76,0x1c,0x8b,0xc3,0xec,0x8d,0x6c,
  0x9c,0x7e,0x7b,0xd4,0x3e,0xff,0xbb,0x94,0xee,0x89,0xf4,0xd9,0x30,0xd7,0xc9,0x23,
  0x22,0x79,0xa4,0xcc,0x9c,0x62,0x9,0x23,0x4d,0x1e,0xd0,0x8f,0x3c,0xae,0x97,0x26,
  0x8f,0x94,0xa6,0xf9,0x67,0xbd,0xe,0xa3,0xef,0x91,0xdc,0xdf,0x53,0x54,0xba,0xf2,
  0x31,0x96,0x7,0x2b,0x5d,0x99,0x2f,0xc,0x92,0x40,0x78,0xe9,0x8a,0x4,0x32,0xbd,
  0x6d,0xa,0x7e,0xc3,0x92,0x9f,0xc2,0x9,0x13,0x26,0x58,0x12,0xc7,0x50,0x90,0x88,
  0x20,0x88,0x40,0xee,0x84,0x74,0x4a,0x12,0xc3,0xc7,0xa7,0x5f,0x9,0xfe,0x6d,0xcb,
  0x9f,0x78,0x97,0x83,0xcb,0x60,0xc7,0xfc,0xb2,0xa8,0xec,0xab,0xf0,0xda,0x17,0x55,
  0xf4,0x8c,0x5,0x18,0x53,0xc4,0xe1,0x33,0x71,0x44,0xa6,0x30,0x3c,0x5f,0xb1,0xeb,
  0x21,0x13,0x4b,0xdc,0x37,0x61,0x2,0x5a,0x3b,0xe9,0xde,0xe8,0x2b,0x96,0x7c,0xbb,
  0xa2,0x84,0xc2,0xe5,0xa1,0x93,0x47,0xf4,0xc9,0xd1,0xb7,0x15,0xff,0x7d,0x1e,0x1a,
  0x25,0xa8,0xf8,0xdc,0x33,0xd2,0x49,0x18,0xcb,0x60,0x20,0xf2,0x60,0x6f,0x94,0x97,
  0x4d,0x1e,0xa0,0x21,0x81,0x70,0x79,0xd8,0x4a,0x57,0xf5,0x2d,0x13,0xf1,0x4b,0x17,
  0x3e,0x8e,0xcb,0xc7,0xde,0x97,0x41,0x1c,0xd5,0x2e,0xf,0x41,0x10,0x81,0xdc,0x41,
  0x7b,0x70,0x24,0x80,0x6e,0x7c,0x76,0xcf,0x3f,0x45,0xaf,0xec,0xff,0x6f,0x2f,0x84,
  0x6e,0x20,0x42,0x43,0x12,0x36,0x59,0x64,0x97,0x86,0x67,0x59,0xe6,0xc4,0x22,0xe,
  0xb3,0x99,0x9e,0x22,0x8e,0x34,0xb1,0x84,0xf8,0x7f,0x7f,0xcf,0xba,0x19,0xf7,0x45,
  0x5f,0xba,0xe0,0x3b,0x15,0x97,0xc7,0xf6,0x58,0x1e,0xa1,0x45,0x1e,0xa6,0x20,0x4c,
  0x79,0x7c,0x56,0xaa,0x4a,0x91,0x47,0xd1,0x98,0x21,0xf,0xbf,0xc0,0xd2,0x88,0xd1,
  0xf7,0x60,0xe5,0xaa,0x2,0x1d,0xf7,0xf0,0xd2,0x15,0x97,0x87,0xb5,0xef,0xf1,0x79,
  0xe3,0x7c,0x1c,0x3e,0x38,0xfb,0x7e,0xbc,0x63,0xd1,0x1d,0x0,0x30,0x3a,0x63,0xe2,
  0xa8,0x7e,0x81,0x8,0x82,0x8,0xa4,0x8c,0x74,0x7,0x1d,0x5a,0x24,0xff,0x88,0x6f,
  0x1d,0x7a,0x42,0x75,0x43,0x8f,0x45,0x16,0xd9,0x84,0x91,0x5d,0x1a,0xd9,0xc5,0x91,
  0xc8,0xc1,0x26,0xe,0x2e,0xf,0xfa,0x3d,0x5c,0x10,0xeb,0xa7,0xdc,0x1d,0xb5,0xcf,
  0xf9,0x46,0xf5,0xe7,0x5b,0x7e,0x3d,0xbb,0x3c,0xd8,0xd4,0xdc,0x72,0xcb,0x83,0xf6,
  0x24,0x90,0x81,0xc8,0x3,0x34,0x46,0xe9,0x8a,0xf5,0x3d,0x8a,0x4b,0x57,0x75,0x4d,
  0x79,0x5c,0x31,0xe3,0x4e,0xbc,0x69,0x64,0x3b,0x8c,0x1c,0x39,0x32,0xb3,0x38,0x86,
  0x86,0x3c,0x4,0x41,0x4,0x72,0xbb,0xed,0x1e,0x30,0xb0,0x37,0xdb,0xaf,0x5,0x97,
  0xf1,0x99,0x3d,0x7f,0xa3,0x97,0x45,0x7f,0x4e,0x5,0x61,0x68,0x91,0x45,0x6,0x69,
  0x64,0x4a,0x1b,0x19,0xc4,0x61,0x29,0x57,0xf5,0x97,0x3a,0xfa,0x12,0x44,0x73,0xcd,
  0xb0,0xe8,0x5a,0xd7,0x99,0x92,0xe5,0x91,0x8c,0xd,0x54,0x1e,0xb4,0xa7,0xf1,0xa,
  0xcb,0xc3,0xde,0xf7,0x68,0xcc,0xe3,0x6d,0xcd,0x8f,0xe1,0xba,0xd9,0xf,0xc0,0x88,
  0x11,0x23,0x9c,0xc4,0x51,0xfd,0x2,0x11,0x4,0x11,0xc8,0x6d,0x16,0x51,0xb8,0x80,
  0x97,0xba,0xcf,0xe1,0x73,0xbb,0xff,0x1a,0x3f,0x38,0xf1,0xaa,0xea,0x81,0xd0,0x22,
  0xb,0x37,0x69,0xb8,0x8b,0x23,0x7b,0xea,0x30,0x4,0xc1,0x9a,0xe1,0x19,0x52,0x47,
  0x99,0xe5,0xc1,0x67,0x5c,0xd9,0xe5,0xf1,0xd9,0x3b,0x1e,0xe,0x7d,0x8f,0xd1,0x5a,
  0x20,0xb,0x27,0x3d,0x80,0x77,0x4e,0xff,0x32,0xd4,0xe2,0x0,0x57,0x71,0xc,0x19,
  0x79,0x8,0x82,0x8,0xa4,0xf2,0x74,0x5f,0xbf,0x16,0xbd,0x7a,0xf8,0x3f,0xf1,0xf5,
  0x3,0x4f,0xa8,0x6b,0x41,0x7,0x30,0x8c,0x7,0x7d,0xea,0x4b,0x81,0xfc,0xe1,0xcf,
  0x29,0x92,0x46,0x14,0xff,0xae,0x2c,0xe2,0xf0,0x98,0x38,0xc2,0x52,0x52,0x7,0xbf,
  0x16,0xb,0x22,0x55,0x1e,0x3c,0xa9,0x58,0xe4,0x61,0x94,0xa1,0x72,0x2a,0x3e,0x67,
  0xf2,0xc8,0x25,0xbf,0x93,0xc9,0x23,0x9f,0x1c,0x33,0x79,0xe4,0x7b,0xe3,0x31,0x26,
  0x8f,0x42,0xd2,0x28,0x4f,0x9a,0xe6,0xc9,0x77,0x7a,0x30,0x79,0xe8,0xf3,0x44,0x2a,
  0xf9,0x20,0x49,0x20,0x66,0xdf,0xa3,0x86,0xe4,0x1,0xad,0xb0,0x6e,0xe2,0xdd,0x78,
  0xeb,0xd4,0xc7,0x70,0xd8,0xb0,0x61,0xce,0xe2,0x18,0x3a,0xf2,0x10,0x4,0x41,0x75,
  0x75,0x75,0xdd,0x5a,0xf2,0xcd,0x1a,0x63,0x8d,0xa7,0x8c,0x84,0x10,0xc2,0xc7,0xc7,
  0x5e,0xf,0x5f,0x3c,0xf4,0x8f,0x70,0xa6,0xf3,0xa8,0xca,0x2e,0x8d,0xca,0x8b,0xc3,
  0x96,0x3a,0x4c,0x79,0x98,0xe2,0x28,0x97,0x3c,0x92,0x63,0x17,0x79,0x24,0x63,0xe5,
  0x94,0x47,0x4b,0xcb,0x24,0x78,0x6c,0xee,0xd7,0x45,0xd3,0xda,0x96,0x43,0x5b,0x5b,
  0x5b,0x8a,0xc,0x6e,0xf4,0xd2,0x95,0x20,0x88,0x40,0x6e,0xa9,0x50,0x9,0xb,0xc1,
  0xc2,0xb6,0x73,0xef,0x44,0xaf,0x1f,0xfc,0x2f,0x3c,0x70,0x7e,0xab,0x4a,0x13,0x86,
  0x83,0x34,0x2a,0x24,0x8e,0xec,0xa9,0x23,0xab,0x3c,0x58,0xea,0xa8,0xb4,0x3c,0xe2,
  0x5e,0x7,0xeb,0x7b,0xe8,0xb1,0xa4,0x1f,0x42,0x2,0xe9,0x29,0xea,0x7b,0x2c,0x1f,
  0xbb,0x14,0x37,0x4c,0xba,0x17,0x16,0x4e,0xda,0x90,0x41,0x16,0x37,0x6e,0xe9,0x4a,
  0x10,0x44,0x20,0x4e,0xb8,0xb,0x85,0xfa,0x24,0x1f,0x9d,0x7c,0x31,0x7a,0xe3,0xd0,
  0x93,0xea,0x52,0xf7,0xa5,0x14,0x61,0x64,0x97,0x86,0x83,0x38,0x52,0xcb,0x55,0x7d,
  0xa5,0x8e,0x81,0x94,0xac,0xd2,0x66,0x4e,0xd9,0xe5,0xc1,0x7e,0x26,0xb3,0x3c,0x58,
  0xd3,0x3c,0x83,0x3c,0x86,0xd7,0xb6,0xe1,0xfa,0x19,0xb7,0x47,0x8b,0x27,0xdf,0xaf,
  0x26,0x34,0x4f,0x70,0x90,0xc5,0x8d,0x56,0xba,0x12,0x4,0x11,0xc8,0xcd,0xe0,0x40,
  0xb9,0x65,0x72,0xe0,0xe2,0x96,0xf0,0xd5,0x3,0x4f,0xc0,0xd6,0x33,0xef,0x78,0x29,
  0x2f,0x9,0xa6,0x8b,0xc3,0x2f,0x12,0x7,0xa6,0x88,0x83,0xb,0x5,0x4d,0x71,0x98,
  0xd2,0xe9,0x23,0x75,0xf8,0x41,0x2c,0x4,0x26,0xe,0x23,0xa5,0x14,0xc9,0x83,0xe4,
  0xc0,0xce,0xab,0x5a,0x1e,0x75,0x39,0x5c,0x3f,0x6a,0x2d,0xae,0x98,0xf3,0x20,0xce,
  0x6b,0x9e,0x7,0x29,0x12,0x28,0x7f,0x2,0x11,0x4,0x61,0x48,0x9,0xe4,0x26,0x7e,
  0x5e,0x5e,0x41,0xd8,0xe1,0x5f,0x11,0xcb,0xb9,0x1a,0x5c,0x8d,0x76,0x9c,0x79,0x17,
  0x3f,0x3c,0xfa,0x2,0xec,0x39,0xbd,0xd5,0x83,0x98,0x28,0xa,0x33,0xae,0xcc,0x6b,
  0x17,0x87,0x87,0x1e,0xbb,0x27,0x30,0xc4,0x91,0xc8,0xc3,0x14,0x4b,0xc0,0xc5,0x92,
  0x9e,0x52,0xb8,0x1c,0x32,0xca,0x83,0x52,0x4a,0x3c,0xce,0x96,0x63,0x2f,0x7a,0xd3,
  0x3c,0xf4,0x58,0x29,0xab,0xd7,0x90,0x87,0x1f,0xc6,0x63,0x29,0xf2,0xe0,0x7d,0x8f,
  0x19,0x6d,0xb,0xa3,0xe5,0xe3,0x6e,0x82,0xd9,0x63,0x97,0xc3,0xd8,0xa6,0xb1,0x65,
  0x93,0xc5,0x8d,0x5e,0xba,0x12,0x4,0x11,0x88,0x3b,0x76,0x51,0x64,0x97,0xe,0x5e,
  0xec,0xba,0x88,0x9f,0x9c,0x78,0x59,0x6f,0xaf,0xc3,0xc1,0xf3,0x7b,0x3d,0xe5,0x87,
  0x25,0x49,0xa3,0x9c,0xe2,0x60,0x82,0x20,0x29,0xa4,0x88,0xc5,0x14,0x87,0xab,0x3c,
  0x92,0xb1,0x72,0xca,0x83,0x37,0xcd,0xf3,0x7a,0x6c,0xc2,0x88,0xa5,0xb8,0x7a,0xd4,
  0x2a,0x9c,0x39,0x66,0x23,0x8c,0x69,0x1c,0x63,0x11,0x46,0x85,0x44,0x22,0x8,0xc2,
  0x90,0x43,0xe9,0xe5,0x36,0x36,0xc3,0xe0,0x83,0x59,0xae,0xf1,0xf1,0xb,0x5d,0x67,
  0x70,0xdb,0x99,0xf7,0x71,0xd7,0x99,0xf7,0x61,0xf7,0x99,0x4f,0xa8,0x34,0xa3,0x1c,
  0xc4,0xc1,0xe4,0x61,0x13,0x87,0x7b,0xea,0x28,0x55,0x1e,0x2c,0x75,0x64,0x96,0x7,
  0x9f,0xae,0x9b,0x26,0x8f,0x7a,0x68,0x80,0xf9,0xe3,0x97,0x47,0xf3,0x46,0xac,0xc0,
  0x19,0x63,0x96,0xa8,0x7a,0xac,0xc7,0xc6,0xc6,0x46,0x8b,0x24,0xb2,0x1f,0x67,0x12,
  0x89,0x20,0x8,0x43,0x52,0x20,0x9b,0x8a,0xc7,0xc0,0x1d,0xac,0xb4,0x48,0x8,0xfd,
  0xd9,0xe1,0xf0,0xd5,0x5d,0xd1,0x8e,0x53,0xef,0xe0,0xf6,0xb3,0x9f,0xaa,0x53,0x17,
  0xf,0xaa,0x30,0x4e,0x27,0x59,0xc4,0x91,0xc8,0x23,0x83,0x38,0x2c,0x33,0xb2,0x5c,
  0x52,0x47,0xf9,0xe5,0x41,0xfb,0x89,0x63,0x66,0x44,0x33,0x87,0x2f,0xc6,0xf9,0x23,
  0x57,0xc2,0xe4,0xfa,0x79,0xc6,0x97,0x5f,0x91,0x40,0x5c,0x64,0xe1,0x74,0x4d,0x10,
  0x84,0x21,0x2c,0x90,0xca,0x83,0xe,0xf7,0xa0,0x75,0x2c,0x3e,0xbf,0xd2,0x79,0x1e,
  0xf7,0x5c,0xf9,0x14,0x8f,0x9e,0xdf,0x8d,0x7,0xcf,0xef,0x80,0x63,0x97,0xf6,0x79,
  0x1,0xd0,0x83,0xde,0x63,0x29,0x21,0x28,0x2a,0x77,0x99,0x82,0x9,0xd,0x71,0xa4,
  0xf7,0x41,0xfc,0x78,0x2c,0x28,0x12,0x47,0x7f,0xcd,0x70,0xbf,0x78,0x99,0xf6,0x58,
  0xe,0x5e,0x58,0x24,0x8f,0x7c,0x8a,0x7c,0xf4,0x78,0x10,0xf6,0x27,0xf,0x1f,0xa7,
  0x8e,0x9d,0x83,0xd3,0x6b,0xa7,0xe1,0xc4,0x11,0x4b,0x61,0x62,0xdd,0x6c,0xa8,0xaf,
  0xaf,0x67,0xc2,0x28,0x8f,0x3c,0xa4,0xef,0x21,0x8,0x22,0x90,0x8d,0x30,0xb8,0x60,
  0xa5,0x44,0x82,0x1a,0x60,0x74,0x5,0x5d,0x78,0xf4,0xf2,0xee,0xe8,0xc0,0xf9,0xed,
  0x70,0xf8,0xd2,0x4e,0x3c,0x7e,0xf5,0xb0,0xba,0xd4,0x7d,0x56,0xa5,0x89,0x23,0x91,
  0x47,0x9a,0x38,0xb8,0x3c,0x7c,0x36,0x16,0xa4,0xa4,0x8e,0x72,0xcb,0x23,0x19,0x2b,
  0x96,0x47,0x6b,0xe3,0xa8,0x68,0x5c,0xdb,0x74,0x98,0xda,0x36,0x17,0xa7,0xb7,0x2d,
  0xc0,0x89,0xf5,0xb3,0x14,0x0,0xa4,0x9,0x83,0x40,0x9b,0x3c,0x1c,0x4,0xf1,0x5,
  0x9a,0xb2,0x2b,0x8,0x22,0x90,0xd,0x60,0xa2,0x1c,0x5,0xe1,0x7e,0xaf,0x5d,0x18,
  0x5c,0x1a,0x9c,0xfe,0xce,0xb1,0xab,0xeb,0xa,0x9c,0xec,0x38,0x82,0x27,0x3a,0xf,
  0xe3,0xf1,0x4b,0x7b,0xf1,0xd8,0x95,0x83,0xea,0x5c,0xe7,0x49,0xe8,0xbc,0xde,0x9,
  0x69,0xe5,0x2a,0x5b,0xea,0x28,0x65,0xa,0xee,0x40,0xe5,0xc1,0xc7,0x1a,0xf3,0xf5,
  0x38,0xa2,0x30,0x1e,0xc7,0xb6,0x4d,0x85,0xc9,0x2d,0xb3,0xf5,0x7e,0x1a,0xb4,0xd5,
  0x8d,0x85,0x3a,0xfd,0xf,0x17,0x85,0x83,0x3c,0x6,0x37,0x81,0x8,0x82,0x30,0xf4,
  0x5,0x52,0x8d,0x25,0x2c,0x77,0x69,0xd8,0xcf,0xf9,0x71,0x67,0xe7,0x65,0xb8,0xd4,
  0x7b,0x26,0xba,0xd8,0x7b,0x6,0xcf,0x76,0x9e,0x85,0xb,0xd7,0x4e,0xe1,0x99,0xeb,
  0xc7,0xe1,0x52,0xc7,0x59,0xb8,0xde,0xdb,0x1,0x1d,0xd7,0x3b,0x80,0x7a,0x2e,0x95,
  0x4a,0x1d,0x35,0x35,0x35,0xd0,0xec,0x37,0x44,0x35,0x35,0x2d,0x30,0xbc,0x30,0xc,
  0x5b,0x6a,0x47,0xc3,0x88,0xa6,0xf1,0x38,0xa6,0x75,0x34,0x8c,0xaa,0x99,0x84,0x75,
  0xb5,0x6d,0xaa,0x6,0x6a,0x8c,0x87,0x3d,0x17,0x43,0x46,0x79,0x38,0xb,0x43,0xfa,
  0x1e,0x82,0x20,0x2,0x59,0x3f,0x14,0x4a,0x58,0x5c,0x1a,0x2e,0xa2,0x30,0xce,0x2d,
  0xc7,0x7c,0xdf,0xdb,0xdb,0xb,0xbd,0x70,0x2d,0xea,0xe8,0xbd,0x8,0x57,0x7b,0xaf,
  0x61,0x47,0xef,0x5,0x20,0xae,0xf6,0xf4,0x20,0xe8,0x2b,0x11,0x44,0x48,0xf7,0x10,
  0xdd,0x51,0x17,0x16,0xa0,0x6,0x10,0x43,0x6c,0xac,0x69,0xd2,0xfb,0x3c,0x42,0x1,
  0xa0,0x1,0x1b,0x50,0xf,0x43,0x53,0x61,0x38,0x36,0xd5,0x34,0xeb,0x43,0x7d,0x17,
  0xed,0xd,0x39,0x18,0xf,0xff,0x4a,0xcb,0x63,0xf0,0x4a,0x59,0x82,0x20,0xdc,0x30,
  0x2,0x59,0x4b,0xfb,0x32,0x95,0xb1,0xd0,0xf9,0x7e,0xbb,0x30,0x6,0x5f,0x22,0xe6,
  0xe7,0x41,0x8b,0x6c,0x6c,0xbf,0xc3,0xd8,0x57,0x81,0x3c,0x6,0x2f,0x81,0x8,0x82,
  0x70,0x43,0xa0,0x10,0x71,0xb9,0x96,0x48,0x2e,0x8,0x2,0x3f,0x9f,0xcf,0xf,0x72,
  0xe2,0x30,0x65,0xe1,0x22,0x8d,0x72,0x8b,0x83,0x7f,0x3e,0xbb,0x30,0xec,0x22,0x70,
  0x96,0x47,0x7c,0x5c,0x6d,0xf2,0xf8,0xe2,0xf6,0x3d,0x4,0x41,0x4,0xb2,0x8c,0xa5,
  0x91,0x9c,0x52,0xca,0x83,0xa,0x82,0x9a,0x6c,0xc2,0x29,0x7f,0xfa,0x70,0x17,0x87,
  0x7b,0xea,0xc8,0x20,0xf,0x76,0x9c,0x4d,0x1e,0xfc,0xdc,0x41,0x1e,0x19,0x4,0xf1,
  0x45,0xea,0x7b,0x8,0x82,0xa0,0x2e,0x5e,0xbc,0xb8,0xb4,0xb5,0xb5,0x15,0xd8,0xcb,
  0x79,0x24,0x90,0x1c,0x5d,0x23,0x1c,0xc4,0xe0,0x3c,0xb,0xcb,0x59,0x22,0xee,0xe2,
  0x20,0x6,0x28,0x11,0xf7,0x92,0x55,0x19,0xe5,0x51,0x6e,0x61,0x80,0xf4,0x3d,0x4,
  0x41,0xc8,0x3d,0xfe,0xf8,0xe3,0xf8,0xf5,0x5f,0xff,0xf5,0xea,0xd1,0x47,0x1f,0x5,
  0x5d,0xc2,0xa2,0x2d,0xa2,0x7e,0xb1,0x16,0x89,0x4f,0x89,0x44,0x33,0x18,0x33,0xb0,
  0xaa,0xa2,0x84,0x85,0x9a,0x52,0x24,0x91,0x21,0x75,0x54,0x54,0x1e,0x6c,0xac,0x7a,
  0xe5,0x21,0x8,0xc2,0xd,0x8b,0x5a,0xb9,0x72,0xe5,0x12,0xd0,0x4c,0x99,0x32,0x5,
  0xbe,0xf7,0x7b,0xbf,0x17,0xd6,0xad,0x5b,0x7,0x1c,0x12,0x49,0x10,0x4,0xe,0x22,
  0x71,0x9a,0x81,0x55,0xfe,0x12,0x96,0x5d,0x1c,0xe,0x12,0x49,0x17,0x41,0x15,0xca,
  0xc3,0x69,0x26,0x96,0xf4,0x3d,0x4,0x41,0x50,0xab,0x56,0xad,0x5a,0xc,0x8c,0xd,
  0x1b,0x36,0xc0,0xf7,0x7f,0xff,0xf7,0xc3,0xf8,0xf1,0xe3,0x81,0xcf,0xc6,0x4a,0x1a,
  0xed,0x7d,0x88,0x4,0x2b,0x27,0x13,0x77,0x89,0xb8,0x8b,0xa3,0xfc,0xa9,0xc3,0x41,
  0x1e,0x69,0xb2,0x30,0xc4,0xe2,0x26,0xf,0x49,0x20,0x82,0x20,0xd8,0x51,0xab,0x57,
  0xaf,0x5e,0x84,0x88,0xa,0x18,0x85,0x42,0x1,0x1e,0x7e,0xf8,0x61,0xd0,0xa5,0x2d,
  0xe0,0xfd,0x91,0xb8,0xd1,0xee,0xeb,0xbd,0xef,0x2e,0x89,0xc1,0x2f,0x61,0x39,0x88,
  0xa3,0xa,0x52,0x47,0xd9,0xe5,0x21,0xe5,0x2b,0x41,0x10,0xdc,0x5,0x2,0x29,0xe8,
  0x7,0x11,0x50,0x6f,0xe4,0xab,0xbf,0xfa,0xab,0xa1,0xa1,0xa1,0xc1,0x41,0x24,0xe,
  0xa9,0xc3,0x39,0x8d,0xb8,0x8b,0xc3,0x25,0x75,0xc,0x61,0x79,0xb8,0xcb,0x45,0x10,
  0x84,0x1b,0x1a,0xb5,0x76,0xed,0xda,0x85,0x60,0x81,0x9a,0xeb,0xed,0xed,0xed,0xf0,
  0x75,0x5f,0xf7,0x75,0x2a,0x16,0x9,0xb2,0xf2,0x96,0x17,0xcb,0x44,0x55,0x70,0x6,
  0x96,0xbb,0x34,0x2a,0x2f,0xe,0xab,0x4c,0x86,0x8e,0x3c,0xec,0x92,0x10,0x79,0x8,
  0x82,0xa0,0x16,0x2f,0x5e,0x3c,0x5f,0x4b,0x41,0xb1,0x32,0x56,0x2a,0x24,0x8f,0x7,
  0x1f,0x7c,0x90,0x44,0x2,0x74,0xcc,0x61,0x89,0x44,0xb9,0x2f,0xaa,0x68,0x1f,0xcf,
  0xb8,0x5e,0x96,0xa3,0x44,0xd2,0x5,0xe0,0x90,0x3a,0x1c,0xe5,0xc1,0x8f,0x45,0x1e,
  0x82,0x20,0xc,0x3e,0x4a,0x6f,0xd3,0xc7,0x8d,0x1b,0x97,0xd3,0x5b,0x9e,0x7a,0x1f,
  0x56,0xe2,0xd2,0xd6,0xbd,0xf7,0xde,0xb,0x5f,0xf5,0x55,0x5f,0x5,0x6d,0x6d,0x6d,
  0xc0,0x61,0x89,0xc4,0xab,0xe0,0x82,0x8a,0x76,0x69,0x94,0x5f,0x1c,0x4e,0xd3,0x7a,
  0x33,0x24,0x13,0x6b,0xd2,0x70,0x90,0x87,0x43,0xa9,0x4a,0xfa,0x1e,0x82,0x20,0x98,
  0x2,0x99,0x6,0x1a,0xbd,0x1a,0xac,0x1a,0x3b,0x76,0x6c,0x7e,0xe4,0xc8,0x91,0xbe,
  0x2d,0x8d,0xf0,0x66,0xfb,0x1d,0x77,0xdc,0x1,0x5f,0xf9,0x95,0x5f,0x9,0xd3,0xa7,
  0x4f,0x7,0x6,0x2d,0x3c,0xa8,0x34,0x5e,0x2c,0x12,0xe5,0x56,0xc2,0x72,0x97,0x86,
  0xab,0x38,0xdc,0x52,0x87,0x7b,0xc9,0xca,0x5d,0x1e,0xe5,0x17,0x86,0xc8,0x43,0x10,
  0x44,0x20,0x53,0xf9,0x39,0x89,0x64,0xf2,0xe4,0xc9,0xf9,0x96,0x96,0x96,0x4c,0x22,
  0x59,0xb1,0x62,0x5,0x50,0x22,0xa1,0x7d,0xc,0x32,0x99,0x78,0xfa,0x1e,0x4a,0x26,
  0x9e,0x83,0x48,0xac,0xd2,0xb0,0x89,0xc2,0x55,0x1c,0x4e,0xa9,0xa3,0xf2,0xf2,0xe0,
  0xc7,0x30,0xa8,0xe5,0x2b,0x91,0x87,0x20,0x88,0x40,0x38,0x5a,0x24,0x9e,0x7e,0xb9,
  0x30,0xa7,0xa7,0xf1,0xfa,0x51,0x14,0x29,0x28,0x91,0x79,0xf3,0xe6,0x1,0xcd,0xdc,
  0xba,0xf9,0xe6,0x9b,0xe9,0x1,0x7,0xc,0x64,0x4d,0x77,0x4b,0x2a,0x71,0x5b,0x99,
  0xb7,0xb2,0xe2,0x70,0x4f,0x1d,0x43,0x54,0x1e,0xf6,0xeb,0x82,0x20,0x88,0x40,0x38,
  0x3a,0x89,0xa8,0x31,0x63,0xc6,0xe4,0x49,0x24,0x90,0x1,0x92,0xc7,0xc6,0x8d,0x1b,
  0xe1,0xae,0xbb,0xee,0x2,0x3d,0x55,0x18,0x38,0x5c,0x26,0xb1,0x50,0x94,0x45,0x18,
  0xce,0xd2,0xc8,0x26,0x8e,0xec,0x6b,0x60,0x39,0xa4,0x8e,0x81,0xc8,0xc3,0x41,0x1a,
  0x22,0xf,0x41,0x10,0xca,0x27,0x90,0x29,0xfc,0xbc,0x1c,0x22,0x51,0x4a,0x21,0x30,
  0x74,0x49,0x8c,0x9a,0xee,0xf4,0x72,0x62,0x9c,0x4a,0x4c,0x99,0xe8,0x32,0x57,0x96,
  0xc6,0xbb,0x73,0x9,0x2b,0xdb,0x34,0x5f,0xf7,0x69,0xbd,0xe5,0x4c,0x1d,0x95,0x94,
  0x87,0xcc,0xb8,0x12,0x4,0x21,0x8b,0x40,0x46,0xeb,0xad,0xe,0x4a,0xa4,0xb6,0xb6,
  0x56,0x8d,0x18,0x31,0xc2,0x1f,0x3d,0x7a,0x74,0x2e,0x9f,0xcf,0x33,0xe1,0xd8,0xa5,
  0x42,0x5f,0xdb,0x7a,0xd3,0x4d,0x37,0x1,0x35,0xde,0xf5,0xfb,0x27,0x69,0x62,0xf0,
  0xe2,0x9e,0x9,0x49,0x45,0x39,0xbc,0x48,0xe8,0x20,0x8e,0x74,0x89,0xb8,0xa4,0x8e,
  0xa1,0x2f,0xf,0xe9,0x7b,0x8,0x82,0x60,0x26,0x8e,0x1a,0xbd,0xb5,0x92,0x1f,0xb2,
  0x88,0x84,0x66,0x6c,0x65,0x10,0x9,0x7f,0x67,0x4,0x9b,0x9a,0x9a,0xe0,0x96,0x5b,
  0x6e,0x1,0xea,0x95,0xac,0x5f,0xbf,0x3e,0x4d,0x4,0x8a,0xc9,0xc4,0x73,0x90,0x86,
  0xf3,0xfb,0x21,0x7c,0xef,0x92,0x3a,0x86,0x88,0x3c,0x22,0x3e,0xd6,0x9f,0x3c,0x4,
  0x41,0x10,0x81,0x0,0x13,0x49,0x5b,0xbc,0x2f,0x15,0x35,0x6a,0xd4,0x28,0x5f,0x4f,
  0x1,0xf6,0xeb,0xeb,0xeb,0x3d,0x92,0x3,0x64,0xc0,0xf3,0x3c,0x92,0x9,0x50,0xbf,
  0xe4,0xd6,0x5b,0x6f,0xa5,0xc5,0x1c,0xd3,0x1e,0xe8,0x8a,0x9,0x5,0xf4,0x5e,0x19,
  0xf7,0x39,0x2e,0x63,0x92,0xad,0x5c,0xe5,0x9e,0x3a,0xdc,0xe5,0xe1,0xde,0x44,0x3f,
  0x74,0xe8,0x10,0xad,0xc4,0x1c,0xf5,0x73,0x1f,0xfc,0xdc,0xcf,0xfd,0x1c,0xd2,0xfe,
  0x67,0x7f,0xf6,0x67,0x45,0x1e,0x82,0x20,0x58,0x7b,0x1e,0xb5,0x94,0x48,0x32,0x8a,
  0x84,0x16,0x5e,0x54,0xc3,0x87,0xf,0xcf,0xe9,0x97,0xb,0xfd,0x62,0x49,0x94,0xda,
  0x37,0x69,0x6e,0x6e,0x6,0x6a,0xba,0xd3,0xb6,0x69,0xd3,0x26,0x3a,0xef,0x6f,0x8a,
  0xaf,0xea,0xe9,0xe9,0xf1,0x94,0x86,0x8e,0x1d,0x96,0x31,0x29,0xdb,0x5b,0xe8,0xae,
  0xa9,0xc3,0x90,0x87,0x83,0x34,0x5c,0xbe,0x41,0xf0,0x9f,0xff,0xf9,0x9f,0x21,0xde,
  0x52,0x7e,0xaf,0x20,0x8,0x22,0x90,0xfe,0xa9,0xa3,0xfe,0xb9,0xde,0xa,0x90,0x11,
  0x5d,0xda,0xf2,0xa9,0x57,0xa2,0x97,0x3c,0xf1,0x52,0x64,0x51,0x12,0x73,0xe7,0xce,
  0x85,0x35,0x6b,0xd6,0x90,0x50,0xe8,0x98,0xfa,0x28,0xfd,0x25,0xd,0xc5,0xf6,0x24,
  0x17,0xda,0x3b,0x4b,0x4,0x35,0xae,0x4b,0xba,0xbb,0x95,0xac,0xb2,0xef,0xcf,0x9d,
  0x3b,0x7,0xfa,0x3f,0xff,0xa8,0x54,0xb1,0x7c,0xf8,0xe1,0x87,0xf0,0xc4,0x13,0x4f,
  0xe0,0xf6,0xed,0xdb,0x93,0x31,0x91,0x87,0x20,0x8,0x4e,0x2,0xe1,0x89,0xa4,0x39,
  0xde,0xf7,0x7,0xf6,0x91,0x4a,0x3c,0x2a,0x71,0xb1,0x54,0x62,0x21,0x3d,0xb9,0x50,
  0x1a,0x59,0xba,0x74,0x29,0x2c,0x59,0xb2,0x4,0xe7,0xcf,0x9f,0xf,0x33,0x67,0xce,
  0x4,0x12,0x8a,0xa5,0x84,0xa5,0xe2,0xd,0x62,0xa1,0x28,0x37,0x71,0xb8,0xa7,0x8e,
  0x72,0xcb,0x43,0x7f,0x2d,0x31,0x2d,0x29,0x13,0x19,0x3d,0x8c,0xf4,0xcf,0x8b,0x3b,
  0x76,0xec,0x20,0x59,0xc0,0xb,0x2f,0xbc,0x40,0xf2,0x0,0x5d,0x46,0x44,0xdd,0xd3,
  0x8a,0xaf,0x33,0x81,0x38,0xc8,0x43,0x10,0x4,0x11,0x8,0x27,0xa7,0xb7,0x26,0xbd,
  0x35,0x64,0xfd,0x59,0x2e,0x13,0xfd,0x90,0xf4,0x78,0xe3,0xdd,0x94,0x85,0x3d,0xb1,
  0x50,0xaf,0x45,0x4f,0x2d,0x86,0x49,0x93,0x26,0x1,0xbd,0xfd,0xbe,0x70,0xe1,0x42,
  0xda,0x68,0xac,0x94,0x86,0xba,0xea,0xee,0xee,0xa6,0x89,0x0,0xa0,0xf7,0x8a,0xf6,
  0xc9,0x39,0x49,0x26,0x83,0x38,0x9c,0x53,0x87,0x4d,0x1e,0x57,0xaf,0x5e,0x5,0xd4,
  0x68,0x79,0x62,0x32,0xae,0x85,0x81,0x5a,0x18,0xa5,0xce,0x8e,0xc2,0x63,0xc7,0x8e,
  0xc1,0xbe,0x7d,0xfb,0x70,0xeb,0xd6,0xad,0xb8,0x77,0xef,0x5e,0x78,0xe9,0xa5,0x97,
  0x30,0x9e,0x8,0x41,0x7b,0x91,0x87,0x20,0x8,0xe,0x2,0xc9,0x8e,0x4f,0xcf,0xbb,
  0x78,0xf3,0x6,0xb2,0x8c,0xbb,0x7e,0x0,0x26,0x32,0xa1,0xa6,0xb8,0xb2,0x9,0x23,
  0x91,0x86,0x4d,0x2e,0xd3,0xa6,0x4d,0xc3,0x39,0x73,0xe6,0x0,0xbd,0x7b,0xa2,0xf7,
  0xb4,0xa1,0x16,0x57,0xe6,0xa5,0x53,0xba,0xba,0xba,0xa0,0xae,0xae,0xae,0xcf,0x63,
  0xd,0x9d,0xf3,0x7b,0xa1,0xd4,0xd4,0xa1,0x4b,0x7a,0x74,0xde,0x97,0x28,0xe8,0x41,
  0x6e,0x5c,0xcb,0xda,0xe3,0x38,0x79,0xf2,0x24,0x50,0xa2,0x38,0x71,0xe2,0x4,0xec,
  0xda,0xb5,0x8b,0xe4,0x1,0x67,0xcf,0x9e,0xc5,0xe4,0xf3,0x1e,0x39,0x72,0xa4,0x2c,
  0xf2,0x10,0x4,0x41,0x50,0x65,0xf8,0xf9,0x86,0x78,0xcb,0x3,0x91,0x5d,0x26,0x4a,
  0xaf,0x4,0xec,0x35,0x37,0x37,0x7b,0xfa,0x61,0xc6,0x92,0x89,0x45,0x18,0x96,0xf4,
  0xc2,0xc7,0xb4,0x40,0xa8,0xdc,0x85,0x5a,0x2e,0x40,0x9b,0x9e,0x31,0x6,0xfa,0x6f,
  0x92,0xc4,0xe8,0x41,0x5a,0x96,0x6f,0x25,0xcc,0x70,0x9f,0x45,0x8,0xa5,0xdd,0x47,
  0x52,0xd0,0x1b,0x68,0x41,0xe0,0x96,0x2d,0x5b,0x40,0x27,0xb,0x92,0x7,0x89,0x23,
  0x59,0x9f,0xc,0xe3,0x25,0x69,0x44,0x1e,0x82,0x20,0x54,0xa5,0x40,0x38,0x85,0x58,
  0x24,0xf5,0x45,0xbf,0x17,0x21,0x3,0xc3,0x86,0xd,0x53,0xfa,0x81,0x4f,0x42,0x21,
  0x99,0x78,0xd9,0xa5,0x61,0x9e,0xf3,0xa4,0xc0,0xaf,0x51,0xaa,0xd0,0x12,0xa1,0xef,
  0x7f,0xa7,0xc4,0x82,0xfa,0x6f,0xd3,0x31,0xc9,0x85,0xae,0x81,0x9e,0x51,0x46,0x9b,
  0x55,0x28,0x19,0x84,0x61,0x15,0xcc,0xe5,0xcb,0x97,0x81,0x4a,0x54,0x97,0x2e,0x5d,
  0x82,0x30,0xc,0xf1,0xc0,0x81,0x3,0x70,0xea,0xd4,0x29,0xbc,0x70,0xe1,0x2,0x90,
  0x0,0xa8,0x39,0x7e,0xe5,0xca,0x15,0x4,0x8d,0x1e,0xc3,0xf8,0xb,0xbf,0x10,0x18,
  0x22,0xf,0x41,0x10,0x86,0x9a,0x40,0xf8,0xef,0xac,0x8f,0xb7,0xc2,0x0,0x53,0x49,
  0x52,0x26,0x52,0xb4,0xd1,0xca,0xc0,0xfa,0x61,0xe7,0x39,0x48,0xc3,0x72,0xbf,0xfd,
  0x58,0xff,0x7d,0x9a,0xd5,0x4,0xfa,0xb3,0x50,0x19,0xa,0xf4,0x3b,0x2f,0x40,0xd0,
  0x31,0x25,0x25,0xda,0x27,0xf,0x6d,0x5a,0xae,0x25,0x8,0x2,0x4,0xcd,0xb5,0x6b,
  0xd7,0xe8,0xa1,0x4d,0x25,0xaa,0x24,0x51,0xd1,0x3b,0x2c,0xb4,0x27,0x11,0x50,0xef,
  0x5,0xb5,0x34,0xe8,0x1,0x4f,0xf2,0xa0,0xfb,0x11,0x34,0xbe,0xef,0xd3,0x1e,0x72,
  0xb9,0x1c,0xdf,0x93,0x2c,0xac,0xf2,0xa0,0xcf,0x0,0x9a,0xa1,0x26,0xf,0x41,0x10,
  0x44,0x20,0x9c,0x7c,0x2c,0x12,0x6a,0x20,0xf8,0xe,0xdf,0x91,0x9e,0x8,0xc5,0xa3,
  0x84,0xa2,0x53,0x83,0xa2,0x74,0xa2,0xcf,0x4d,0x29,0x58,0xc4,0x91,0x45,0x22,0xf4,
  0x70,0x37,0xc7,0x4d,0x81,0xf1,0x7,0x3e,0x3f,0xee,0xec,0xec,0x2c,0x1a,0x33,0xf6,
  0x9c,0x41,0x96,0x87,0x39,0x4d,0xb7,0x9a,0xe4,0x21,0x8,0x82,0x8,0x84,0x53,0x88,
  0x45,0x52,0x9b,0x2a,0x93,0x6c,0xa0,0x4e,0x1,0x8a,0x36,0x2a,0x79,0xd1,0xd2,0x2a,
  0xf4,0x5d,0x26,0x19,0xd2,0x89,0xab,0x38,0x52,0xe5,0xc0,0xe4,0x61,0x5c,0x63,0xc7,
  0x56,0x71,0xd8,0xe4,0x61,0x96,0xac,0xec,0xf2,0x78,0xe5,0x95,0x57,0x2c,0x25,0x35,
  0x41,0x10,0x84,0x6a,0x13,0x88,0x29,0x93,0xda,0x58,0x28,0x5e,0x19,0xbf,0x37,0x9d,
  0x4a,0x4a,0x54,0xf6,0xfa,0x6c,0xa3,0x3e,0x46,0x14,0x45,0xca,0x2e,0x11,0x77,0x71,
  0xc,0x7e,0xea,0x30,0xe5,0x41,0x4d,0xf5,0xe4,0x9c,0xc4,0xa1,0x67,0x64,0x19,0xa2,
  0x18,0xca,0xf2,0x10,0x4,0x41,0x4,0xc2,0xa9,0x61,0x5b,0x2e,0x83,0x30,0x6c,0x20,
  0xff,0x6e,0x92,0x24,0xad,0x90,0x54,0x40,0xa3,0x8f,0x81,0x52,0x8b,0x8b,0x38,0xec,
  0xe5,0x2a,0x7b,0xea,0xc8,0x2a,0xf,0x2e,0xd,0x3d,0xeb,0xea,0xb3,0xfb,0xf5,0x7b,
  0x1e,0xc6,0x7b,0x20,0xfc,0xfc,0x46,0x94,0x87,0x20,0x8,0x22,0x10,0x8e,0x1f,0x8b,
  0xa4,0x10,0xef,0x55,0xc6,0x87,0x1b,0x66,0x3c,0xa7,0xb2,0xe,0x20,0xa2,0x22,0xc9,
  0x50,0x7a,0xa1,0xb4,0x12,0xbf,0x8f,0x1,0x74,0x4c,0x2f,0xf0,0x85,0x61,0xa8,0x4c,
  0x21,0xa4,0x97,0xab,0x6,0x9a,0x3a,0x92,0x63,0x9a,0x69,0x45,0x7b,0xba,0x4e,0xd2,
  0xd0,0xa2,0x20,0x81,0xf1,0x84,0x41,0xa4,0xec,0xbf,0x88,0xf2,0x10,0x4,0x41,0x4,
  0x62,0x7e,0xb6,0x2,0xdb,0x7c,0x1a,0x73,0x96,0x86,0x9,0x96,0x9a,0x7a,0xb4,0x4c,
  0x54,0xbc,0x4f,0x49,0x2b,0xfd,0x8f,0xe9,0xa9,0xb9,0x46,0xd2,0x51,0x4a,0x21,0x1d,
  0xff,0x4f,0x7b,0x77,0x71,0xa8,0x30,0x0,0x45,0x51,0x30,0xda,0x7f,0x9d,0xa9,0xe2,
  0xb,0xce,0x43,0x2f,0x2e,0x33,0xb8,0x93,0xd5,0x89,0x67,0x9a,0xa6,0x93,0xab,0x5,
  0x27,0xab,0x6,0x7f,0x76,0x3c,0x0,0x1,0xc9,0xff,0xeb,0x58,0x2e,0xd9,0x1,0xa7,
  0xf2,0xc8,0xfc,0xdc,0xe0,0x3d,0x3f,0xd9,0x6b,0x79,0x38,0xc4,0x3,0x10,0x90,0x50,
  0x89,0xc9,0x50,0x86,0xe7,0xe9,0xe1,0x38,0xf5,0xbb,0x8f,0x8e,0xc7,0xe2,0x2,0x20,
  0x20,0x7b,0xb4,0x8b,0x90,0xf4,0xb3,0xcb,0xe2,0x7e,0xb0,0x65,0x7c,0x1c,0x8e,0xc7,
  0x4d,0x91,0xe4,0xaf,0x8b,0x6,0x20,0x20,0xd7,0xeb,0x37,0x2e,0x5d,0xb9,0xb4,0xd7,
  0x84,0x23,0x8f,0xc3,0xe9,0x0,0x24,0x71,0x78,0x5e,0x2c,0x0,0x1,0xa1,0xdb,0x73,
  0x69,0xeb,0xe5,0x1e,0x53,0x1d,0x51,0x18,0xea,0x73,0x0,0x6f,0x13,0x10,0xda,0x72,
  0xd9,0xd4,0x96,0xfb,0x3f,0xe9,0x1e,0x7a,0x5f,0x34,0xa,0x0,0x0,0x0,0x0,0x0,
  0x0,0x0,0x0,0x0,0x0,0x0,0x0,0x0,0x0,0x0,0x0,0x0,0x0,0x0,0x0,0x0,
  0x0,0x0,0x0,0x0,0x0,0x0,0x0,0x0,0x0,0xf0,0xb,0x3b,0xd2,0x18,0xdb,0xc7,
  0x48,0xc3,0xcf,0x0,0x0,0x0,0x0,0x49,0x45,0x4e,0x44,0xae,0x42,0x60,0x82,
  
};

static const unsigned char qt_resource_name[] = {
  // wizard
  0x0,0x6,
  0x7,0xe1,0x8,0x84,
  0x0,0x77,
  0x0,0x69,0x0,0x7a,0x0,0x61,0x0,0x72,0x0,0x64,
    // background-pixmap.png
  0x0,0x15,
  0x3,0x12,0xaf,0x67,
  0x0,0x62,
  0x0,0x61,0x0,0x63,0x0,0x6b,0x0,0x67,0x0,0x72,0x0,0x6f,0x0,0x75,0x0,0x6e,0x0,0x64,0x0,0x2d,0x0,0x70,0x0,0x69,0x0,0x78,0x0,0x6d,0x0,0x61,0x0,0x70,
  0x0,0x2e,0x0,0x70,0x0,0x6e,0x0,0x67,
  
};

static const unsigned char qt_resource_struct[] = {
  // :
  0x0,0x0,0x0,0x0,0x0,0x2,0x0,0x0,0x0,0x1,0x0,0x0,0x0,0x1,
0x0,0x0,0x0,0x0,0x0,0x0,0x0,0x0,
  // :/wizard
  0x0,0x0,0x0,0x0,0x0,0x2,0x0,0x0,0x0,0x1,0x0,0x0,0x0,0x2,
0x0,0x0,0x0,0x0,0x0,0x0,0x0,0x0,
  // :/wizard/background-pixmap.png
  0x0,0x0,0x0,0x12,0x0,0x0,0x0,0x0,0x0,0x1,0x0,0x0,0x0,0x0,
0x0,0x0,0x1,0x9a,0x12,0x9e,0x3d,0x5f,

};

#ifdef QT_NAMESPACE
#  define QT_RCC_PREPEND_NAMESPACE(name) ::QT_NAMESPACE::name
#  define QT_RCC_MANGLE_NAMESPACE0(x) x
#  define QT_RCC_MANGLE_NAMESPACE1(a, b) a##_##b
#  define QT_RCC_MANGLE_NAMESPACE2(a, b) QT_RCC_MANGLE_NAMESPACE1(a,b)
#  define QT_RCC_MANGLE_NAMESPACE(name) QT_RCC_MANGLE_NAMESPACE2( \
        QT_RCC_MANGLE_NAMESPACE0(name), QT_RCC_MANGLE_NAMESPACE0(QT_NAMESPACE))
#else
#   define QT_RCC_PREPEND_NAMESPACE(name) name
#   define QT_RCC_MANGLE_NAMESPACE(name) name
#endif

#ifdef QT_NAMESPACE
namespace QT_NAMESPACE {
#endif

bool qRegisterResourceData(int, const unsigned char *, const unsigned char *, const unsigned char *);
bool qUnregisterResourceData(int, const unsigned char *, const unsigned char *, const unsigned char *);

#ifdef QT_NAMESPACE
}
#endif

int QT_RCC_MANGLE_NAMESPACE(qInitResources_wizard)();
int QT_RCC_MANGLE_NAMESPACE(qInitResources_wizard)()
{
    int version = 3;
    QT_RCC_PREPEND_NAMESPACE(qRegisterResourceData)
        (version, qt_resource_struct, qt_resource_name, qt_resource_data);
    return 1;
}

int QT_RCC_MANGLE_NAMESPACE(qCleanupResources_wizard)();
int QT_RCC_MANGLE_NAMESPACE(qCleanupResources_wizard)()
{
    int version = 3;
    QT_RCC_PREPEND_NAMESPACE(qUnregisterResourceData)
       (version, qt_resource_struct, qt_resource_name, qt_resource_data);
    return 1;
}

namespace {
   struct initializer {
       initializer() { QT_RCC_MANGLE_NAMESPACE(qInitResources_wizard)(); }
       ~initializer() { QT_RCC_MANGLE_NAMESPACE(qCleanupResources_wizard)(); }
   } dummy;
}
